Bird_Species,Year,Country,Latitude,Longitude,Temperature,Precipitation,Shift_km,Population,Traffic
Oriental Magpie-Robin,1980,Bangladesh,49.6,97.91,20.16,1882.13,2.01,1786,2774
Asian Koel,1980,China,15,134.27,11.64,829.47,143.38,2071,4396
Siberian Crane,1980,China,8.3,85.46,30.03,1938.33,26.27,1255,2099
Oriental Magpie-Robin,1980,India,41.01,73.42,26.96,1717.89,33.47,6244,3114
Asian Koel,1980,India,36.87,99.61,24.64,2172.29,44.81,1171,1510
Oriental Magpie-Robin,1980,India,36.41,117.34,23.27,1981.59,110.94,3069,3587
Oriental Magpie-Robin,1980,India,13.57,69.47,27.95,1878.31,180.85,6260,4843
Oriental Magpie-Robin,1980,India,52.56,71.3,26.9,868.79,185.89,8323,3244
Bar-headed Goose,1980,India,9.29,92.21,13,1189.02,197.54,3224,430
Oriental Magpie-Robin,1980,Indonesia,20.83,83.61,29.97,942.22,53.7,3926,3170
Bar-headed Goose,1980,Indonesia,14.85,99.07,26.94,539.69,7.68,3324,2048
Asian Koel,1980,Indonesia,46.55,72.81,16.74,1695.9,114.94,9427,3175
Asian Koel,1980,Indonesia,52.44,110.7,34.85,939.96,124.29,1978,721
Asian Koel,1980,Indonesia,52.46,61.22,10.89,2930.44,74.26,7487,4120
Oriental Magpie-Robin,1980,Indonesia,34.37,90.59,23.52,1959.67,168.89,5501,1688
Bar-headed Goose,1980,Indonesia,15.48,91.5,27.27,1171.61,147.41,3872,4613
Oriental Magpie-Robin,1980,Indonesia,14.96,86.64,23.75,1152.3,13.35,4892,969
Bar-headed Goose,1980,Japan,35.77,113.31,29.96,702.18,82.59,2734,3134
Oriental Magpie-Robin,1980,Japan,41.63,62.99,33.09,721.01,68.67,3508,1517
Asian Koel,1980,Japan,54.36,108.27,27.37,1163.28,10.25,1069,4634
Oriental Magpie-Robin,1980,Japan,5.52,66.42,21.74,1355.26,6.95,6422,3109
Asian Koel,1980,Japan,26.89,75.24,13.88,2930.22,117.91,9473,3888
Siberian Crane,1980,Nepal,36.53,80.53,16.8,2118.19,37.25,2917,3108
Oriental Magpie-Robin,1980,Nepal,38.76,125.17,30.14,798.55,45.68,1147,3036
Oriental Magpie-Robin,1980,Nepal,15.03,95.78,15.99,1927.59,36.66,6251,4402
Asian Koel,1980,Pakistan,39.32,118.44,10.11,2445.25,150.57,837,3583
Bar-headed Goose,1980,Pakistan,42.48,133.55,27.12,896.79,118.47,3220,298
Bar-headed Goose,1980,Pakistan,38.29,104.15,12.12,2421.82,193.4,8967,2034
Asian Koel,1980,Pakistan,33.89,86.88,16.75,1873.95,15.73,1674,427
Indian Pitta,1980,Sri Lanka,54.41,61.74,18.44,1215.55,103.75,8886,3777
Asian Koel,1980,Sri Lanka,18.09,111.9,14.36,1123.18,129.92,8945,4163
Asian Koel,1980,Sri Lanka,20.55,112.7,23.06,632.34,147.31,3235,1055
Indian Pitta,1980,Sri Lanka,5.81,114.06,18.25,2658.29,106.23,1608,3826
Oriental Magpie-Robin,1980,Thailand,42.61,107.5,17.55,1910.29,97.42,5897,2995
Bar-headed Goose,1980,Thailand,33.54,106.02,17.16,1099.46,120.71,9639,867
Oriental Magpie-Robin,1980,Thailand,12.8,123.33,20.18,2977.99,158.45,8086,3862
Oriental Magpie-Robin,1980,Vietnam,29.32,79.87,22.12,1317.33,199.67,5242,4400
Bar-headed Goose,1980,Vietnam,15.04,144.53,10.75,1038.43,55.58,8277,3933
Oriental Magpie-Robin,1980,Vietnam,18.65,88.74,30.98,2866.22,167.88,7366,4767
Indian Pitta,1980,Vietnam,24.11,99.55,13.78,1531.54,151.42,6147,4210
Bar-headed Goose,1980,Vietnam,16.37,78.06,14.04,2568.94,101.48,5551,3279
Indian Pitta,1980,Vietnam,6.38,94.83,12.51,1927.8,162.03,3145,549
Siberian Crane,1981,Bangladesh,52.48,74.46,26.5,2098.36,55.69,1863,3214
Bar-headed Goose,1981,Bangladesh,19.99,98.34,16.6,1731.34,137.95,3468,3008
Bar-headed Goose,1981,Bangladesh,11.67,130.74,24.94,2605.38,9.74,3817,449
Indian Pitta,1981,Bangladesh,22.35,121.53,30.33,1234.54,83.44,7378,2968
Oriental Magpie-Robin,1981,Bangladesh,42.25,96.89,32.6,980.01,71.52,2949,4260
Indian Pitta,1981,Bangladesh,12.59,112.67,25.17,1040.25,166.22,4344,4770
Oriental Magpie-Robin,1981,China,49.84,141.2,29.68,1237.99,13.05,1329,687
Indian Pitta,1981,India,13.49,107.78,25.89,2897.16,60.53,4779,2953
Asian Koel,1981,Indonesia,47.14,92.8,29.17,1034.31,12.23,3741,439
Asian Koel,1981,Indonesia,26.14,118.63,18.72,2917.53,110.9,6452,3568
Indian Pitta,1981,Indonesia,39.33,136.94,15.07,1117.43,160.49,2398,1136
Indian Pitta,1981,Indonesia,43.6,86.04,33.21,1816.74,28.36,5612,3728
Asian Koel,1981,Japan,8.17,120.29,27.09,2553.49,116.8,1036,1500
Asian Koel,1981,Nepal,51.37,121.02,34.58,905.74,115.3,4178,57
Oriental Magpie-Robin,1981,Sri Lanka,24.46,116.12,22.44,2172.2,66.72,6609,3436
Siberian Crane,1981,Thailand,26.41,132.56,21.19,2493.33,184.3,4434,2981
Indian Pitta,1981,Thailand,40.39,105.44,33.2,2624.21,123.1,8378,2687
Siberian Crane,1981,Thailand,13.59,148.92,21.76,2434.84,92.82,980,1206
Asian Koel,1981,Thailand,5.94,104.63,19.65,1094.75,87.19,6390,4739
Siberian Crane,1981,Thailand,34.95,73.01,12.45,1738.88,193.69,8361,2279
Asian Koel,1981,Thailand,33.3,68.99,19.28,1420.38,72.72,2176,4577
Oriental Magpie-Robin,1981,Vietnam,48.72,119.49,17.19,2173.71,74.6,6932,1530
Asian Koel,1981,Vietnam,23.19,94.46,25.69,708.14,127.32,6668,3389
Siberian Crane,1981,Vietnam,32.56,81.14,13.03,865.83,20.02,4669,4877
Oriental Magpie-Robin,1982,Bangladesh,49.92,139.25,14.22,1141.66,16.88,4473,4052
Indian Pitta,1982,Bangladesh,7.5,104.63,10.09,1941.57,60.63,7279,3261
Indian Pitta,1982,Bangladesh,11.32,93.59,25.65,600.7,155.97,6108,4040
Oriental Magpie-Robin,1982,China,17.49,142.36,11.26,2681.9,76.35,3301,4569
Indian Pitta,1982,China,21.12,114.89,11.68,2253.3,196.79,1851,3562
Oriental Magpie-Robin,1982,China,46.34,86.67,18.16,2967.86,81.32,336,669
Bar-headed Goose,1982,China,9.49,119.58,13.2,653.49,29.53,5823,1551
Asian Koel,1982,China,22.48,122.73,22.64,1348.98,39.52,9628,2037
Oriental Magpie-Robin,1982,China,24.57,133.45,29.17,2066.33,164.18,6545,3830
Oriental Magpie-Robin,1982,China,13.45,61.46,22.24,1280.3,96.27,1205,900
Oriental Magpie-Robin,1982,India,27.71,118.65,10.72,2574.72,168.26,4944,3567
Oriental Magpie-Robin,1982,India,24.44,87.56,19.66,736.22,52.51,9109,1934
Oriental Magpie-Robin,1982,India,26.26,124.67,29.81,2416.9,18.87,7273,3167
Oriental Magpie-Robin,1982,India,52.15,142.89,34.97,597.75,32,8365,4881
Asian Koel,1982,Indonesia,6.14,117.47,26.52,1010.93,18.47,4155,1013
Asian Koel,1982,Japan,52.66,101.47,29.36,1240.6,164.7,6024,805
Siberian Crane,1982,Japan,13.9,98.89,21.81,1443.37,28.32,6774,3195
Asian Koel,1982,Japan,33.63,78.7,16.59,918.84,105.76,2785,4076
Siberian Crane,1982,Japan,43.3,91.65,24.85,1480.92,41.43,4521,1018
Bar-headed Goose,1982,Nepal,51.03,124.89,25.88,1552.37,110.42,6775,1514
Asian Koel,1982,Nepal,30.14,128.39,26.65,2341.15,169.97,4588,4690
Indian Pitta,1982,Nepal,18.31,87.99,31.11,2547.35,13.56,8675,3284
Oriental Magpie-Robin,1982,Nepal,23.8,127.36,13.01,1765.93,118.26,7939,2210
Siberian Crane,1982,Nepal,13.3,111.34,34.69,1694.92,169.66,8189,4655
Bar-headed Goose,1982,Pakistan,14.89,95.9,19.09,2637.8,22.84,1055,1404
Asian Koel,1982,Sri Lanka,35.8,66.24,27.43,2149.87,154.4,4359,1613
Asian Koel,1982,Sri Lanka,13.75,69.2,31.37,729.13,75.29,7004,4005
Oriental Magpie-Robin,1982,Sri Lanka,8.16,122.75,14.06,1641.88,93.94,5975,4731
Indian Pitta,1982,Sri Lanka,48.78,117.18,31.46,1713.01,170.01,1049,2170
Indian Pitta,1982,Thailand,16.46,123.03,26.96,2461.53,35.48,1309,2690
Indian Pitta,1982,Thailand,40.75,108.65,17.25,921.74,7.44,166,1634
Oriental Magpie-Robin,1982,Vietnam,36.44,138.79,11.38,2032.91,95.96,5729,3107
Bar-headed Goose,1982,Vietnam,46.04,146.67,11.43,2028.75,148.7,2212,3313
Oriental Magpie-Robin,1983,Bangladesh,12.83,62.22,33.06,1853.38,85.29,8273,2073
Indian Pitta,1983,Bangladesh,20.34,107.39,28.19,1176.19,25.09,7878,1747
Siberian Crane,1983,China,20.21,128.78,23.47,1306.12,157.81,1865,1039
Asian Koel,1983,China,27.89,121.34,18.42,673.92,193.29,7467,426
Asian Koel,1983,India,11.21,63.42,10.32,792.54,180.55,7613,471
Oriental Magpie-Robin,1983,India,30.88,142.85,26.43,1119.38,153.99,2327,1625
Siberian Crane,1983,India,46.39,89.64,18.07,740.19,8.7,1915,2155
Indian Pitta,1983,India,45.25,98.59,12.35,2647.27,22.26,9005,2711
Bar-headed Goose,1983,India,29.95,96.29,17.69,2849.4,185.53,2679,1664
Asian Koel,1983,Indonesia,25.64,77.03,26.01,1857,140.51,957,3192
Siberian Crane,1983,Indonesia,38.58,70.99,18.57,1146.04,45.8,4497,3769
Oriental Magpie-Robin,1983,Indonesia,6.48,63.65,15.09,1906.13,170.7,2009,4007
Siberian Crane,1983,Indonesia,33.89,147.11,12.96,639.86,184.18,8358,4816
Siberian Crane,1983,Japan,30.53,138.65,25.19,1630.53,130.21,8954,1814
Siberian Crane,1983,Japan,47.52,106.44,20.45,975.19,2.24,563,2355
Asian Koel,1983,Nepal,45.19,102.69,18.07,1313.97,135.45,4039,4649
Asian Koel,1983,Nepal,23.31,148.96,21.26,713.4,126.93,6658,3955
Oriental Magpie-Robin,1983,Nepal,52.5,136.35,23.36,2721.66,167.29,7037,4047
Asian Koel,1983,Nepal,34.71,90.97,25.27,2129.12,144.2,3509,934
Siberian Crane,1983,Pakistan,21.18,77.97,14,2013.49,114.21,1500,757
Asian Koel,1983,Pakistan,22.7,132.74,12.08,2653.31,41.95,8807,4485
Bar-headed Goose,1983,Pakistan,16.16,122.18,23.41,2136.78,98.62,7631,2204
Siberian Crane,1983,Pakistan,51.73,119.52,24.18,2219.92,39.21,8569,4914
Indian Pitta,1983,Pakistan,11.8,94.67,12.24,1426.33,7.33,7494,1928
Asian Koel,1983,Pakistan,25.38,113.3,22.17,2591.37,50.03,6510,2988
Oriental Magpie-Robin,1983,Sri Lanka,6.25,120.44,28.4,1747.94,38.31,3193,392
Bar-headed Goose,1983,Sri Lanka,26.83,130.75,25.85,2432.06,48.77,1363,3835
Oriental Magpie-Robin,1983,Sri Lanka,5.21,111.5,19.83,1711.23,164.24,1619,4423
Bar-headed Goose,1983,Sri Lanka,51.41,149.57,18.82,1360.15,150.7,2620,4764
Indian Pitta,1983,Thailand,42.28,69.16,12.72,1485.78,190.74,8984,950
Siberian Crane,1983,Thailand,49.84,111.04,16.5,1632.71,116.92,807,1487
Oriental Magpie-Robin,1983,Thailand,30.49,137.27,14.82,643.16,88.78,8139,557
Siberian Crane,1983,Thailand,30.42,121.13,12.12,1028.52,97.11,3194,3338
Siberian Crane,1983,Vietnam,47.26,95.82,24.58,2906.41,75.95,1228,3598
Asian Koel,1983,Vietnam,45.82,142.75,33.02,1035.14,138.42,5861,1903
Bar-headed Goose,1984,Bangladesh,10.34,119.45,23.32,2824.5,33.47,126,3707
Oriental Magpie-Robin,1984,Bangladesh,34.53,140.3,11.75,2161.94,3.08,4065,2064
Asian Koel,1984,Bangladesh,6.99,66.85,26.23,1586.85,116.67,6674,4206
Bar-headed Goose,1984,China,13.74,141.12,10.64,1340.74,7.94,9369,2678
Bar-headed Goose,1984,India,48.71,74.42,18.56,2736.4,191.55,3270,3706
Asian Koel,1984,India,49.62,131.46,31.19,516.88,76.92,3860,4407
Asian Koel,1984,India,22.36,128.36,17.31,1570.81,5.36,6911,356
Bar-headed Goose,1984,Indonesia,14.92,86.25,26.45,1701.75,129.98,1094,873
Asian Koel,1984,Indonesia,28.34,95.8,14.23,1093.13,50.76,3962,1591
Siberian Crane,1984,Indonesia,12.29,81.27,27.39,677.85,24.32,5994,550
Siberian Crane,1984,Indonesia,47.47,132.01,15.42,759.99,79.13,3250,2679
Bar-headed Goose,1984,Indonesia,27.04,104.48,33.35,961.59,22.68,999,4204
Siberian Crane,1984,Indonesia,12.48,65.69,16.02,2017.63,122.86,1101,3139
Oriental Magpie-Robin,1984,Japan,32.93,124.25,16.7,2393.94,29.43,4955,2876
Siberian Crane,1984,Japan,13.65,97.21,28.12,2261.45,43.58,9153,1403
Bar-headed Goose,1984,Japan,53.7,125.74,31.9,661.29,30.12,5516,977
Siberian Crane,1984,Japan,7.56,79.38,34.22,2237.89,185.73,8293,1991
Oriental Magpie-Robin,1984,Japan,28.04,113.68,30.58,2014.41,166.18,1720,1038
Indian Pitta,1984,Nepal,12.79,64.51,19.68,872.52,56.31,1435,3770
Bar-headed Goose,1984,Nepal,31.07,69.49,18.75,2219.85,43.96,2264,2998
Indian Pitta,1984,Pakistan,27.22,81.51,11.96,2730.96,111.71,1758,3554
Bar-headed Goose,1984,Pakistan,42.62,122.83,24.5,2759.24,142.71,3226,272
Siberian Crane,1984,Pakistan,23.85,96.86,13.73,1966.74,128.64,4367,3249
Indian Pitta,1984,Pakistan,36.33,85.99,13.39,2828.81,120.42,7404,1739
Oriental Magpie-Robin,1984,Sri Lanka,39.26,73.66,28.69,2896.45,113.93,1404,424
Bar-headed Goose,1984,Sri Lanka,52.87,98.31,17.97,2226.62,111.44,2468,4394
Siberian Crane,1984,Sri Lanka,27.51,77.6,21.13,1494.62,104.9,5450,4808
Oriental Magpie-Robin,1984,Sri Lanka,48.02,73.3,13.67,813.52,81.3,9166,3510
Siberian Crane,1984,Thailand,32.08,114.84,23.44,965.11,184.78,9071,485
Oriental Magpie-Robin,1984,Vietnam,33.32,90.78,34.72,2809.49,1.16,9678,3213
Bar-headed Goose,1984,Vietnam,17.64,107.34,32.91,802.52,21.43,5957,3534
Oriental Magpie-Robin,1984,Vietnam,37.01,78.94,13.75,2129.34,73.79,9865,1036
Siberian Crane,1984,Vietnam,19.99,86.21,30.68,2942.93,11.63,1777,2358
Oriental Magpie-Robin,1984,Vietnam,34.99,134.08,32.42,1733.78,137.83,5082,1471
Oriental Magpie-Robin,1984,Vietnam,51.8,138.38,28.09,619.67,54.86,5042,4927
Oriental Magpie-Robin,1984,Vietnam,47.41,85.85,26.36,2616.43,28.88,5284,2760
Siberian Crane,1984,Vietnam,32.05,97.18,29.15,2384.78,94.76,4791,3736
Bar-headed Goose,1985,Bangladesh,7.03,135.49,26.81,1008.26,155.08,1480,2961
Bar-headed Goose,1985,Bangladesh,25.87,72.82,28.41,2376.09,0.4,6882,4498
Siberian Crane,1985,Bangladesh,45.12,67.96,24.84,2435.39,137.65,7104,429
Oriental Magpie-Robin,1985,Bangladesh,34.7,123.63,11.95,2124.96,19.34,9139,1687
Indian Pitta,1985,Bangladesh,15.85,118.7,18.3,982.01,102.61,9913,341
Indian Pitta,1985,China,51.48,142.55,14.53,1435.91,168.07,9380,3556
Asian Koel,1985,China,50.33,67.93,11.41,1260.98,133.67,9731,3426
Indian Pitta,1985,India,36.3,112.4,14.75,1904.06,183.58,4526,605
Bar-headed Goose,1985,India,22.67,85.91,17.8,1053.59,33.06,4772,1931
Oriental Magpie-Robin,1985,India,52.13,116.84,18.33,1674.81,103.06,821,1323
Siberian Crane,1985,India,14.82,79.74,31.76,2686.52,52.76,2279,1354
Asian Koel,1985,Indonesia,51.71,133.07,19.68,2649,46.87,5459,4842
Bar-headed Goose,1985,Indonesia,13.4,85.09,15.03,1118.86,103.32,4964,2886
Siberian Crane,1985,Indonesia,41.87,140.17,24.33,609.1,157.34,9996,1081
Indian Pitta,1985,Indonesia,49.21,81,32.36,2338.61,0.02,1356,4708
Bar-headed Goose,1985,Japan,52.39,130.39,23.97,2573.91,84.11,9709,785
Indian Pitta,1985,Japan,11.58,75.59,20.99,2804.68,90.01,7555,240
Bar-headed Goose,1985,Japan,7.74,91.13,21.56,1511.46,38.79,8874,705
Indian Pitta,1985,Japan,46.35,133,28.53,1219.59,16.89,4107,3735
Oriental Magpie-Robin,1985,Japan,37.24,147.05,25.81,1030.04,181.38,965,3868
Bar-headed Goose,1985,Nepal,42.31,123.7,13.94,1304.04,173.4,3822,176
Oriental Magpie-Robin,1985,Nepal,49.51,64.99,23.75,1945.65,174.77,3445,1184
Bar-headed Goose,1985,Nepal,49.85,146.66,30.31,1630.48,80.53,7973,298
Indian Pitta,1985,Pakistan,50.31,70.58,21.79,1225.96,16.79,6264,3633
Oriental Magpie-Robin,1985,Pakistan,12.16,99.33,34.88,767.8,64.47,5635,1795
Indian Pitta,1985,Pakistan,32.17,95.74,16.12,646.82,193.17,5460,2150
Bar-headed Goose,1985,Pakistan,16.8,88.42,23.76,2345.6,119.49,801,669
Bar-headed Goose,1985,Sri Lanka,32.43,121.16,18.24,1173.03,104.21,5781,2441
Siberian Crane,1985,Sri Lanka,34.88,146.09,12.96,2629.36,136.35,5866,4312
Asian Koel,1985,Thailand,50.86,91.46,28.7,2025.88,79.95,1839,3149
Asian Koel,1985,Thailand,53.98,84.52,29.91,2823.81,166.01,2570,2323
Bar-headed Goose,1985,Thailand,28.3,132.26,24.07,657.53,91.14,1668,4563
Siberian Crane,1985,Thailand,9.95,80.44,15.31,1104.47,14.3,339,1867
Bar-headed Goose,1985,Vietnam,25.23,125.3,34.64,1260.66,169.1,3005,3290
Bar-headed Goose,1985,Vietnam,34.16,118.33,21.01,2031.07,102.7,8466,1227
Asian Koel,1985,Vietnam,38.23,95.44,28.64,2614.37,9.53,4910,64
Siberian Crane,1986,Bangladesh,50.06,146.06,27.34,1154.73,1.06,3900,1647
Oriental Magpie-Robin,1986,Bangladesh,29.47,101.84,27.29,1181.13,44,9018,59
Siberian Crane,1986,Bangladesh,50.39,143.08,14.45,1512.42,116.67,6225,344
Bar-headed Goose,1986,Bangladesh,32.52,66.5,22.01,1566.31,164.92,3419,4256
Oriental Magpie-Robin,1986,China,41.28,149.46,32,2621.52,28.94,3900,1865
Bar-headed Goose,1986,China,35.47,112.7,19.31,1300.32,67.67,3921,2468
Oriental Magpie-Robin,1986,China,52.1,117.91,22.02,2655.55,79.89,4935,924
Indian Pitta,1986,China,25.59,82.86,22.06,2397.83,170.69,3205,281
Indian Pitta,1986,China,24.51,87.04,12.63,2674.83,164.46,1372,4907
Siberian Crane,1986,India,8.95,139.98,19.99,1703.11,109.39,2471,1613
Asian Koel,1986,India,50.01,144.6,28,1934.19,142.43,2547,3186
Siberian Crane,1986,India,49.01,126.51,28.49,2379.46,142.32,3689,1539
Bar-headed Goose,1986,India,40.63,109.58,12.18,1398.39,170.17,8501,4310
Indian Pitta,1986,India,25.77,96.54,31.48,1199.43,135.44,3884,1456
Asian Koel,1986,India,24.61,81.84,11.6,814.28,168.4,3608,1941
Bar-headed Goose,1986,Indonesia,52.19,123.31,17.24,1904.35,193.87,6862,3478
Bar-headed Goose,1986,Indonesia,32.02,139.91,15.48,2891.39,25.92,6284,2984
Asian Koel,1986,Indonesia,24.74,89.1,17.3,1371.28,158.84,3026,2225
Bar-headed Goose,1986,Indonesia,24.32,60.36,24.62,2906.14,79.64,683,3915
Indian Pitta,1986,Japan,46.38,91.4,18.93,2766.05,80.71,6845,4416
Oriental Magpie-Robin,1986,Japan,23.91,123.15,27.42,2441.73,96.98,2114,2443
Bar-headed Goose,1986,Japan,23.95,65.03,25.24,2939.97,177.07,2424,3077
Oriental Magpie-Robin,1986,Japan,15.45,125.74,15.89,2642.48,67.47,3138,1279
Siberian Crane,1986,Japan,24.11,76.31,24.55,1138.2,116.18,2304,2880
Siberian Crane,1986,Nepal,29.62,129.24,19.3,901.1,194.45,4241,1353
Oriental Magpie-Robin,1986,Nepal,9.43,62.84,31.95,1310.21,143.17,1492,3024
Bar-headed Goose,1986,Nepal,45.76,71.17,30,2342.55,60.35,1620,291
Oriental Magpie-Robin,1986,Nepal,20.78,97.72,26.03,1729.22,77.37,5075,2042
Asian Koel,1986,Nepal,29.9,109.14,24.19,2053.3,38.4,3980,2290
Siberian Crane,1986,Pakistan,19.7,80.05,29.72,2627.21,36.92,2777,2327
Siberian Crane,1986,Pakistan,53.57,87.1,11.4,523.57,75.87,1191,2583
Asian Koel,1986,Pakistan,13.47,101.57,32.34,769.48,28.87,8271,389
Asian Koel,1986,Pakistan,30.03,97.93,26.62,1717.33,14.35,4443,2428
Asian Koel,1986,Pakistan,27.82,81.87,16.9,2010.22,42.92,6208,275
Indian Pitta,1986,Sri Lanka,17.94,134.23,32.24,1611.97,166.13,7459,837
Indian Pitta,1986,Sri Lanka,15.08,94,13.12,2588.37,114.43,2380,580
Bar-headed Goose,1986,Thailand,16.42,137.99,28.75,1816.78,151.96,4685,2137
Asian Koel,1986,Thailand,33.9,92.96,25.05,1585.5,106.01,7221,4381
Bar-headed Goose,1986,Vietnam,22.78,141.06,30.85,972.62,157.79,2889,3988
Oriental Magpie-Robin,1986,Vietnam,54.13,93.8,26.93,2784.56,46.9,5374,114
Siberian Crane,1986,Vietnam,32.32,102.68,23.74,1336.25,66.48,6411,2959
Indian Pitta,1987,Bangladesh,37.63,91.61,33.94,2584.24,6.67,9202,4391
Asian Koel,1987,Bangladesh,52.66,64.36,15.6,1127.92,126.1,3602,2637
Asian Koel,1987,Bangladesh,25.87,68.6,20.1,1036.68,111.11,7909,1911
Asian Koel,1987,China,24.95,109.22,13.04,2547.32,64.36,5280,2342
Siberian Crane,1987,China,16.91,145.16,18.47,1663.47,28.22,1693,4596
Bar-headed Goose,1987,China,12.44,82.31,28.81,1273.94,34.23,3253,4497
Asian Koel,1987,China,23.28,106.98,20.35,850.16,21.07,5332,4000
Bar-headed Goose,1987,India,47.69,73.5,28.97,1955.27,84.12,2092,3490
Oriental Magpie-Robin,1987,India,26.37,99.56,19.09,1351.9,87.41,5666,2231
Indian Pitta,1987,India,35.61,67.14,10.53,2958.28,92.48,5383,4899
Siberian Crane,1987,Indonesia,34.05,97.03,15.82,847.34,68.52,2260,4600
Siberian Crane,1987,Indonesia,41.67,96.32,30.39,2206.07,26.43,4050,4702
Oriental Magpie-Robin,1987,Indonesia,37.04,96,27.34,843.27,175.6,422,4444
Asian Koel,1987,Japan,42.15,73.03,33.9,747.27,67.19,6464,2058
Asian Koel,1987,Japan,26.7,68.42,16.41,894.31,87.92,4171,3794
Oriental Magpie-Robin,1987,Japan,8.95,83.45,26.09,2388.97,37.26,521,4696
Asian Koel,1987,Japan,13.74,143.54,28.79,1241.49,82.26,4569,3013
Asian Koel,1987,Japan,50.96,149.25,27.49,1943.93,163.29,514,3966
Oriental Magpie-Robin,1987,Japan,11.64,103.19,30.34,2291.18,33.1,3686,3321
Indian Pitta,1987,Japan,23.35,119.43,23.74,1218.71,114.33,5507,2093
Oriental Magpie-Robin,1987,Japan,51.58,145.07,16.17,1961.89,45.42,8990,3497
Asian Koel,1987,Nepal,22.73,114.94,20.9,2313.75,10.85,8322,1039
Asian Koel,1987,Nepal,5.7,137.85,18.79,2819.8,175.75,6813,4663
Indian Pitta,1987,Nepal,11.84,96.07,20.46,1186.57,16.38,1046,1867
Asian Koel,1987,Nepal,16.08,108.57,23.09,1033.22,136.1,281,3761
Siberian Crane,1987,Pakistan,41.52,96.91,21.74,641.86,77.37,4000,4705
Asian Koel,1987,Pakistan,20.52,61.3,28.79,1863.95,7.06,3127,174
Indian Pitta,1987,Pakistan,42.3,139.32,25.71,1168.26,49.22,2752,2994
Asian Koel,1987,Pakistan,35.94,113,34.52,1778.86,185.24,2490,2673
Bar-headed Goose,1987,Sri Lanka,23.5,67.91,29.21,2578.22,177.75,134,1873
Indian Pitta,1987,Sri Lanka,36.07,127.66,24.8,1638.18,42.96,2363,1266
Bar-headed Goose,1987,Thailand,30.76,86.43,20.85,1414.3,158.03,6898,4807
Siberian Crane,1987,Thailand,16.79,109.89,21.13,1937.14,44.96,594,4547
Bar-headed Goose,1987,Thailand,52.44,141.73,11.86,2247.72,111.13,2156,3816
Indian Pitta,1987,Vietnam,34.21,70.37,21.45,1626.84,54.33,6383,1220
Asian Koel,1987,Vietnam,26.09,116.58,13.17,1759.19,123.09,6635,2530
Indian Pitta,1988,Bangladesh,42.32,93.77,20.73,713.5,118.59,2316,92
Bar-headed Goose,1988,Bangladesh,44.83,146.67,14.22,1696.61,137.39,3177,4127
Asian Koel,1988,China,14.22,95.39,19.16,2601.71,89.91,4471,1591
Bar-headed Goose,1988,India,52.74,123.87,18.58,2070.22,29.5,4980,1522
Indian Pitta,1988,India,38.01,99.53,23.98,2483.78,197.82,1566,3949
Oriental Magpie-Robin,1988,India,45.03,129.02,22.18,888.62,165.75,9736,2934
Bar-headed Goose,1988,India,44.27,118.57,16.12,703.31,82.59,4792,3203
Siberian Crane,1988,India,45.33,94.29,17.44,2919.57,118.71,2118,4873
Asian Koel,1988,Indonesia,6.81,119.6,19.43,1822.07,69.01,934,2160
Indian Pitta,1988,Indonesia,43.45,73.95,25.27,1318,179.53,7785,3555
Siberian Crane,1988,Indonesia,39.97,146.23,30.84,1707.66,87.66,3860,3342
Asian Koel,1988,Indonesia,22.51,120.38,20.52,1872.77,192.57,7481,1481
Siberian Crane,1988,Indonesia,29.66,147.27,15.01,2196.35,132.87,4885,1604
Indian Pitta,1988,Indonesia,51.7,80.62,26.48,1789.1,93.23,9730,4215
Siberian Crane,1988,Japan,50.36,118.28,16.2,2456.75,81.5,3126,866
Siberian Crane,1988,Japan,38.15,90.97,31.46,2262.16,179.56,751,3315
Siberian Crane,1988,Japan,41.82,69.51,18.41,2898.75,119.48,2278,3031
Siberian Crane,1988,Japan,41.86,127.2,10.39,2424.34,86.76,5953,2036
Siberian Crane,1988,Japan,47.48,131.95,14.89,509.55,45.61,2667,3049
Indian Pitta,1988,Japan,10.01,132.2,26.5,1594.22,178.37,4867,2259
Bar-headed Goose,1988,Japan,50.68,79.31,16.37,2767.59,159.29,5267,3654
Siberian Crane,1988,Japan,28.76,60.88,17.63,528.18,136.88,3015,4888
Asian Koel,1988,Nepal,15.83,93.67,23.92,2104.47,193.55,8547,2726
Oriental Magpie-Robin,1988,Pakistan,49.06,66.05,21.03,2838.23,72.63,314,4056
Asian Koel,1988,Pakistan,51.99,147.49,27.89,1147.46,166.47,8078,1588
Asian Koel,1988,Thailand,43.89,128.77,31.43,1862.07,165.63,6670,1317
Oriental Magpie-Robin,1988,Thailand,54.67,112.4,25.81,2641.81,138.85,4500,4112
Bar-headed Goose,1988,Thailand,49.81,93.98,13.54,2165.37,151.95,1501,4304
Bar-headed Goose,1988,Thailand,34.08,89.11,34.28,849.34,118.29,7358,953
Bar-headed Goose,1988,Thailand,35.68,79.29,22.04,2933.21,195.65,162,1431
Siberian Crane,1988,Thailand,42.65,112.53,24.28,2095.19,145.89,3715,1838
Oriental Magpie-Robin,1988,Thailand,28.54,79.55,34.59,881.74,75.68,2019,4017
Bar-headed Goose,1988,Thailand,17.52,113.59,25.46,1086.94,151.61,8093,416
Oriental Magpie-Robin,1988,Thailand,44.11,140.87,23.56,576.08,141.41,7989,3259
Siberian Crane,1988,Thailand,28.19,149.72,20.15,1576.73,88.82,4633,3484
Siberian Crane,1988,Vietnam,15.87,79.1,33.22,2297.31,130.6,3360,4653
Siberian Crane,1988,Vietnam,29.25,93.42,34.88,1759.18,64.99,2074,3750
Asian Koel,1989,Bangladesh,9.32,82.82,25.86,1551.46,147.72,1189,4185
Oriental Magpie-Robin,1989,Bangladesh,31.01,106.96,13.56,1684.03,197.04,8737,2128
Oriental Magpie-Robin,1989,China,37.16,144.71,13.45,1751.11,169.89,7956,2921
Bar-headed Goose,1989,China,17.04,104.99,16.06,852.77,146.1,5984,4948
Oriental Magpie-Robin,1989,China,45.16,99.02,18.2,1834.75,26.14,8660,3422
Oriental Magpie-Robin,1989,India,46.43,60.92,19.92,910.76,163.28,3594,555
Asian Koel,1989,India,51.04,111.09,29.58,1857.52,180.19,378,327
Indian Pitta,1989,India,36.01,83.47,19.9,2531.77,92.45,3712,4625
Indian Pitta,1989,India,28.33,144.93,34.87,1239.59,107.57,5031,3381
Indian Pitta,1989,India,50.38,132.32,12.42,2905.63,6.72,9012,4270
Bar-headed Goose,1989,India,11.09,135.47,32.34,2599.63,107.75,2173,3102
Siberian Crane,1989,India,13.68,64.3,15.57,2808.12,172.84,5197,4493
Indian Pitta,1989,Indonesia,47.8,113.73,15.46,1811.3,113.09,5523,1388
Oriental Magpie-Robin,1989,Indonesia,18.46,117.7,17.02,1547.78,53.75,5943,4930
Asian Koel,1989,Japan,5.19,67.65,25.38,2025.96,194.46,193,2698
Bar-headed Goose,1989,Japan,14.49,129.59,27.3,2512.41,0.37,3682,3980
Siberian Crane,1989,Japan,43.03,148.9,31.21,2412.34,193.63,4691,3297
Oriental Magpie-Robin,1989,Nepal,19.33,68.05,20.13,2022.56,86.64,705,3636
Bar-headed Goose,1989,Nepal,17.79,134.25,26.59,826.42,93.11,2386,2442
Oriental Magpie-Robin,1989,Nepal,33.04,126.01,31.1,1031.05,153.91,174,1508
Asian Koel,1989,Nepal,43.25,121.47,11.07,2848.44,89.53,485,3458
Siberian Crane,1989,Nepal,36.54,68.42,12.35,1828.52,4.86,4157,945
Oriental Magpie-Robin,1989,Pakistan,41.02,83.01,17,1384.72,119.58,8826,3494
Oriental Magpie-Robin,1989,Pakistan,52.19,94.84,21.57,2904.17,3.02,2994,4939
Siberian Crane,1989,Pakistan,34.26,129.98,32.18,2921.28,42.67,7949,575
Indian Pitta,1989,Sri Lanka,48.11,75.58,11.53,596.43,85.97,5584,4462
Bar-headed Goose,1989,Sri Lanka,39.45,92.15,19.56,906.77,123.25,3229,1877
Bar-headed Goose,1989,Sri Lanka,32.67,74.21,27.14,1174.43,117.29,6211,832
Indian Pitta,1990,Bangladesh,27.28,85.81,27.67,1720.04,135.18,1886,1242
Bar-headed Goose,1990,Bangladesh,12.69,127.04,21.9,1908.75,163.84,6910,3201
Oriental Magpie-Robin,1990,Bangladesh,48.61,64.88,18.38,841.77,67.47,666,318
Oriental Magpie-Robin,1990,Bangladesh,38.14,113.34,16.1,2533.48,140.18,9925,4444
Oriental Magpie-Robin,1990,Bangladesh,13.03,146.88,13.61,2586.55,160,2294,4609
Indian Pitta,1990,China,14.19,129.27,23.67,2590.71,185.24,5542,2795
Oriental Magpie-Robin,1990,China,49.36,109.2,19.6,2756.91,88.12,5715,254
Oriental Magpie-Robin,1990,China,15.27,133.21,34.06,2911.44,36.22,4138,3081
Asian Koel,1990,China,13.46,113.96,33.75,2698.16,127.17,6260,1481
Siberian Crane,1990,India,12.75,113.36,33.18,815.52,61.22,7076,76
Siberian Crane,1990,India,6.76,94.65,12.6,1830.65,69.08,2984,3023
Asian Koel,1990,Indonesia,24.83,72.94,11.04,2686.28,112.76,7852,2278
Bar-headed Goose,1990,Indonesia,20.62,129.47,21.39,1491.04,38.29,1405,4885
Oriental Magpie-Robin,1990,Japan,47.98,148.65,21.5,1555.72,3.17,5701,429
Bar-headed Goose,1990,Nepal,42.87,130.56,23.55,1570.19,109.19,8816,1470
Bar-headed Goose,1990,Nepal,22.66,145.46,13.04,2102.4,72.92,6085,4427
Siberian Crane,1990,Nepal,7.75,117.18,11.16,1771.2,20.87,2992,980
Siberian Crane,1990,Pakistan,27.01,117.96,17.27,2089.76,129.4,2673,4984
Asian Koel,1990,Pakistan,36.01,96.61,13.62,602.64,57.31,8951,2832
Asian Koel,1990,Sri Lanka,13.85,90.71,29.31,2487.93,50.89,2756,4950
Bar-headed Goose,1990,Sri Lanka,26.94,78.34,34.79,1116.81,103.64,8342,499
Bar-headed Goose,1990,Sri Lanka,37.2,148.78,33.23,1408.22,15.27,8365,2646
Siberian Crane,1990,Sri Lanka,30.77,91.59,27.58,2891.25,135.93,8130,3574
Indian Pitta,1990,Sri Lanka,20.76,84.37,29.42,2985.04,34.95,824,1090
Siberian Crane,1990,Thailand,48.8,76.56,14.65,1900.18,17.99,6656,3879
Siberian Crane,1990,Thailand,7.04,133.11,17.66,1714.58,185.62,786,1651
Oriental Magpie-Robin,1990,Thailand,35.57,143.09,29.81,887.69,117.64,9567,3590
Indian Pitta,1990,Vietnam,26.05,125.52,27.96,2596.54,77.38,4257,2250
Asian Koel,1991,Bangladesh,10.69,118.12,33.45,2531.73,172.12,5096,4424
Asian Koel,1991,Bangladesh,16.08,66.3,32.98,2025.62,120.84,2633,2418
Oriental Magpie-Robin,1991,Bangladesh,48.36,112.69,24.56,1660.44,158.36,3374,546
Siberian Crane,1991,Bangladesh,37.15,132.99,16.94,1890.19,136.34,1980,820
Siberian Crane,1991,Bangladesh,36.91,138.79,26.19,1747.34,137.2,6619,3521
Indian Pitta,1991,Bangladesh,16.02,98.88,12.38,1108.35,136.43,8349,703
Bar-headed Goose,1991,China,29.83,98.15,29.11,887.42,142.37,7865,1933
Asian Koel,1991,China,43.04,71.93,30.88,1486.07,46.08,9625,1174
Siberian Crane,1991,India,47.42,96.95,31.94,2625.07,103.39,7870,3513
Indian Pitta,1991,India,43.6,62.71,31.28,2555.94,107.13,9958,2193
Siberian Crane,1991,India,5.91,72.22,14.59,2465.4,141.26,7603,3106
Siberian Crane,1991,Indonesia,28.68,98.88,23.05,1082.95,168.86,4263,3013
Oriental Magpie-Robin,1991,Indonesia,37.91,135.94,10.05,2013.8,89.73,3177,1412
Oriental Magpie-Robin,1991,Indonesia,13.26,96.54,30.43,2305.6,106.77,8592,4616
Oriental Magpie-Robin,1991,Indonesia,27.58,64.47,18.36,543.19,131.26,8601,3802
Oriental Magpie-Robin,1991,Indonesia,7.69,138.63,23.54,1869.8,19.07,9882,4145
Oriental Magpie-Robin,1991,Japan,44.59,94.78,16.57,1963.01,0.03,7909,880
Siberian Crane,1991,Nepal,11.72,118.25,31.18,1807.49,151.16,8955,1346
Oriental Magpie-Robin,1991,Nepal,20.61,148.87,17.84,1755.27,142.42,4185,1064
Indian Pitta,1991,Nepal,16.74,144.65,19.27,1401.89,49.35,8450,2698
Oriental Magpie-Robin,1991,Nepal,47.99,76.99,30.21,2260.93,115.16,9976,151
Oriental Magpie-Robin,1991,Nepal,36.05,122.23,27.92,2988.67,96.98,6726,4401
Bar-headed Goose,1991,Pakistan,38.74,61.24,12.3,1671.06,16.91,6458,2873
Siberian Crane,1991,Pakistan,36.2,128.95,13.28,1195.94,64.18,3313,2837
Siberian Crane,1991,Pakistan,46.21,98.59,30.04,2499.2,168.9,8162,3536
Siberian Crane,1991,Sri Lanka,54.29,111.52,17.52,2369.92,114.12,6375,3837
Bar-headed Goose,1991,Sri Lanka,10.36,118.18,24.22,1048.78,136.59,1691,412
Bar-headed Goose,1991,Thailand,46.9,136.7,28.52,553.08,65.77,3969,2702
Bar-headed Goose,1991,Thailand,29.71,67.82,19.95,684.58,151.36,2657,1181
Oriental Magpie-Robin,1991,Thailand,30.78,114.76,15.25,1578.18,141.67,112,3636
Siberian Crane,1991,Vietnam,30.5,143,13.87,2609.38,94.03,1892,4295
Asian Koel,1991,Vietnam,47.46,117.12,29.9,1776.25,23.29,5150,4438
Asian Koel,1991,Vietnam,35.65,99.16,12.7,1369.48,29.46,2111,3870
Asian Koel,1991,Vietnam,8.25,105.58,29.23,2349.4,112.28,163,846
Oriental Magpie-Robin,1991,Vietnam,50.66,94.35,22.92,947.76,183.96,1236,3784
Oriental Magpie-Robin,1992,Bangladesh,5.4,82.83,33.19,2751.05,101.71,7355,4234
Bar-headed Goose,1992,Bangladesh,26.73,86.05,28.16,2439.37,155.36,7865,1475
Siberian Crane,1992,Bangladesh,30.4,131.23,15.19,1252.81,94.83,4432,2674
Siberian Crane,1992,China,48.6,67.91,26.24,1170.73,102.98,3395,2495
Bar-headed Goose,1992,China,30.06,134.33,27.24,623.86,28.69,1705,4370
Indian Pitta,1992,China,21.52,141.41,31.41,1156.78,91.89,8837,2041
Asian Koel,1992,India,23.22,97.04,24.59,2017.95,72.37,3796,1991
Siberian Crane,1992,India,51.39,90.43,34.83,1951.3,9.28,8654,4182
Asian Koel,1992,India,43.12,109.53,26.37,610.8,30.5,2059,965
Bar-headed Goose,1992,India,38.46,122.8,15.72,2274,62.73,5586,2951
Indian Pitta,1992,Indonesia,20.6,79.48,20.85,715.78,145.8,4025,526
Bar-headed Goose,1992,Japan,20.11,124.99,24.9,2075.84,156.29,8054,4610
Bar-headed Goose,1992,Japan,43.62,118.25,19.31,1387.73,70.52,598,2064
Asian Koel,1992,Japan,34.67,132.54,26.45,1790.92,68.12,8935,4469
Asian Koel,1992,Japan,44.96,96.21,18.84,930.84,190.01,6231,2327
Oriental Magpie-Robin,1992,Japan,54.77,67.86,17.19,2891.48,53.19,357,1866
Indian Pitta,1992,Japan,8.51,90.68,21.28,1439.91,69.7,9525,1926
Asian Koel,1992,Pakistan,30.12,117.02,26.64,1052.98,148.25,5352,2514
Indian Pitta,1992,Pakistan,8.42,63.87,22.76,1397,175.72,6663,3261
Siberian Crane,1992,Pakistan,49.66,114.91,16.36,1065.77,68.8,7592,4891
Bar-headed Goose,1992,Pakistan,26.12,105.85,31.1,803.47,95.86,7923,2159
Bar-headed Goose,1992,Sri Lanka,44.39,116.67,27.39,2204.61,161.28,7542,979
Bar-headed Goose,1992,Sri Lanka,30.6,148.07,15.28,1805.71,16.99,3394,4003
Indian Pitta,1992,Sri Lanka,6.5,93.88,31.84,1447,47.32,5676,649
Indian Pitta,1992,Thailand,23.81,88.56,15.51,1692.07,161.42,126,1867
Asian Koel,1992,Thailand,48.27,128.41,18.54,2285.54,190.26,2894,4742
Siberian Crane,1992,Thailand,38.45,72.58,22.92,2344.5,0.67,607,4529
Bar-headed Goose,1992,Thailand,26.5,94.6,13,957.31,169.04,8170,2350
Bar-headed Goose,1992,Thailand,25.15,121.37,32.41,2305.37,57.3,9364,1790
Asian Koel,1992,Thailand,49.37,88.07,34.27,2636.9,130.41,6221,645
Indian Pitta,1992,Thailand,49.01,135.62,14.55,1965.49,77.48,9869,1246
Oriental Magpie-Robin,1992,Vietnam,18.57,103.85,17.24,2543.55,96.67,1983,4007
Bar-headed Goose,1992,Vietnam,22.16,73.91,31.15,1975.52,150.43,8443,4929
Asian Koel,1992,Vietnam,29.17,133.08,33.59,2371.5,145.39,5393,3075
Bar-headed Goose,1992,Vietnam,12.09,115.1,30.36,2086.59,90.33,7213,2698
Siberian Crane,1993,Bangladesh,41.47,146.38,14.68,1938.55,123.32,2418,4480
Asian Koel,1993,Bangladesh,21.38,78.89,13.24,2898.42,153.8,5215,2485
Oriental Magpie-Robin,1993,India,10.1,75.51,33.25,522.75,133,2655,4634
Siberian Crane,1993,Indonesia,32.98,70.88,16.61,2409.74,87.39,1147,4123
Asian Koel,1993,Indonesia,28.88,73.86,25.35,2327.59,101.68,3521,1743
Bar-headed Goose,1993,Indonesia,21.64,94.21,30.14,1924.01,20.32,3506,3849
Bar-headed Goose,1993,Japan,47.35,67.28,32.75,2916.26,196.29,1711,2773
Siberian Crane,1993,Japan,24.33,62.55,28.48,2373.55,195.06,8512,2883
Oriental Magpie-Robin,1993,Japan,19.44,107.19,13.83,889.05,123.55,6945,2665
Bar-headed Goose,1993,Japan,52.45,131.07,12.62,2649.18,45.42,7121,4617
Oriental Magpie-Robin,1993,Nepal,27.91,103.49,19,1151.91,80.76,557,2588
Bar-headed Goose,1993,Nepal,50.76,146.6,17.75,682.44,156.85,7382,2187
Indian Pitta,1993,Pakistan,31.73,102.41,18.96,1791.1,40.9,2711,3483
Indian Pitta,1993,Pakistan,44.36,85.69,31.13,1081.64,122.59,8785,4937
Siberian Crane,1993,Sri Lanka,45.23,123.05,27.07,2188.96,116.36,775,2886
Asian Koel,1993,Sri Lanka,12.97,115.98,15.87,1021.14,124.2,1706,1554
Oriental Magpie-Robin,1993,Sri Lanka,51.64,66.04,10.28,2860.58,147.59,9664,284
Bar-headed Goose,1993,Sri Lanka,14.31,127.99,10.06,2826.66,183.5,2348,579
Indian Pitta,1993,Sri Lanka,38.97,74.11,27.42,947,130.33,4331,4635
Oriental Magpie-Robin,1993,Sri Lanka,53.06,139.15,22.59,549.33,193.74,747,4221
Oriental Magpie-Robin,1993,Thailand,32.84,118.46,25.69,1688.2,46.77,4099,733
Asian Koel,1993,Thailand,23.06,60.92,12.23,1127.46,164.72,3568,4680
Asian Koel,1993,Vietnam,28.24,124.49,30.99,1790.37,25.16,4158,2081
Siberian Crane,1993,Vietnam,19.33,68.58,29.15,2011.45,117.73,6309,877
Oriental Magpie-Robin,1994,Bangladesh,43.26,114.43,10.17,1189.92,116.77,850,3579
Asian Koel,1994,Bangladesh,11.18,75.36,11.17,611.99,27.79,258,4532
Indian Pitta,1994,Bangladesh,44.5,121.06,28.28,2654.57,71.92,5841,1990
Asian Koel,1994,China,36.02,120.25,14.62,2220.27,105.12,8604,746
Bar-headed Goose,1994,China,13.4,67.48,34.02,2148.57,11.11,8643,1207
Asian Koel,1994,India,5.52,149.97,31.37,634.89,8.92,768,1605
Bar-headed Goose,1994,India,38.8,144.68,21.28,810.32,20.88,9599,2911
Siberian Crane,1994,India,5.04,93.22,24.07,1866.38,17.16,1832,2324
Indian Pitta,1994,Indonesia,40.12,115.61,14.01,2500.6,45.63,1818,2314
Indian Pitta,1994,Indonesia,23.23,60.95,27.57,1805.33,37.05,4840,3306
Oriental Magpie-Robin,1994,Indonesia,10.12,85.63,34.35,2109.59,126.88,4002,1873
Oriental Magpie-Robin,1994,Japan,49.12,84.18,14.4,2185.25,30.59,196,1866
Bar-headed Goose,1994,Japan,5.46,96.25,10.85,1190.49,114.82,8174,3136
Siberian Crane,1994,Japan,27.92,140.61,33.01,2382.83,147.03,2333,4205
Siberian Crane,1994,Japan,29.45,85.03,23.34,924.03,103.21,2033,1531
Oriental Magpie-Robin,1994,Japan,42.24,61.24,24.5,1838.79,119.74,2162,4068
Oriental Magpie-Robin,1994,Nepal,9.39,106.43,27.14,1248.19,118.66,6147,2410
Asian Koel,1994,Nepal,7.49,109.08,19,505.36,120.02,5195,917
Oriental Magpie-Robin,1994,Pakistan,29.07,118.38,28.73,591.4,92.96,9275,3760
Siberian Crane,1994,Pakistan,30.86,62.36,25.75,2303.27,124.26,4834,2079
Siberian Crane,1994,Sri Lanka,45.21,128.79,27.1,2205.35,31.37,9919,1461
Bar-headed Goose,1994,Sri Lanka,45.88,89.92,17.64,2723.59,147.08,6834,3449
Indian Pitta,1994,Sri Lanka,5.45,137.52,16.92,2351.2,144.14,9095,1655
Siberian Crane,1994,Sri Lanka,12.2,120.41,29.66,2522.42,188.74,5470,2608
Indian Pitta,1994,Thailand,29.91,125.32,29.75,2190.47,39.84,7574,4254
Bar-headed Goose,1994,Vietnam,22.73,117.29,14.98,769.58,63.57,2641,2334
Indian Pitta,1994,Vietnam,18.86,146.88,24.27,708.33,188.22,8977,2377
Oriental Magpie-Robin,1994,Vietnam,6.73,98.64,15.54,2107.78,30.58,2389,2196
Bar-headed Goose,1994,Vietnam,20.04,118.33,25.8,1672.66,91.16,8113,3035
Indian Pitta,1994,Vietnam,44.15,60.03,27.15,1644.61,72.67,8107,2159
Asian Koel,1995,Bangladesh,31.06,105.1,12.14,1647.6,107.01,5429,656
Asian Koel,1995,Bangladesh,40.8,86.26,28.77,1309.26,101.64,4263,193
Indian Pitta,1995,Bangladesh,22.69,67.12,34.31,958.48,124.8,1146,4631
Indian Pitta,1995,Bangladesh,9.45,133.18,18.82,1322.08,199.08,2231,4763
Siberian Crane,1995,Bangladesh,40.31,96.58,18.12,2757.39,73.73,9059,2009
Oriental Magpie-Robin,1995,China,30.18,116,29.23,1780.66,169.15,571,2860
Asian Koel,1995,China,18.65,71.94,24.15,2449.35,15.87,3063,385
Indian Pitta,1995,India,27.9,97.97,23.29,2778.14,2.67,120,4467
Siberian Crane,1995,India,25.26,84.14,20,2836.72,136.93,7402,4012
Oriental Magpie-Robin,1995,India,54.42,76.59,21.92,514.3,197.18,7186,2711
Asian Koel,1995,India,38.84,60.48,30.7,1268.68,117,3790,1293
Oriental Magpie-Robin,1995,India,52.79,126.74,27.71,684.63,33.99,1726,3324
Asian Koel,1995,Indonesia,29.53,119.8,13.48,2192.29,187.48,733,359
Indian Pitta,1995,Indonesia,39.29,76.51,25.44,2066.57,192.86,2104,1509
Siberian Crane,1995,Indonesia,12.16,95.23,19.9,1311.76,91.45,1573,1738
Indian Pitta,1995,Indonesia,32.92,101.58,10.29,1158.56,12.66,2370,4546
Indian Pitta,1995,Indonesia,10.88,121.48,29.12,2047.32,53.72,4779,4018
Oriental Magpie-Robin,1995,Japan,20.17,65.74,32.17,2281.27,182.54,8910,3120
Oriental Magpie-Robin,1995,Nepal,36.04,140.11,32.87,2484.12,83.28,7824,1936
Siberian Crane,1995,Pakistan,39.55,79.48,13.65,1979.59,95.07,941,4193
Indian Pitta,1995,Pakistan,34.85,82.36,15.1,2561.64,104.4,683,1907
Indian Pitta,1995,Pakistan,46.6,92.61,25.01,2178.09,94.84,8781,1562
Oriental Magpie-Robin,1995,Sri Lanka,41.94,109.48,31.52,1660.11,106.78,7490,4361
Asian Koel,1995,Sri Lanka,26.1,148.47,11.16,1822.4,47.51,5125,3055
Indian Pitta,1995,Sri Lanka,28.89,142.76,30.68,1103.38,179.35,6331,746
Indian Pitta,1995,Sri Lanka,13.71,144.59,28.38,1203.36,181.01,9850,2998
Asian Koel,1995,Thailand,28.87,68.86,33.74,1066.7,49.01,5894,3485
Siberian Crane,1995,Thailand,34.7,74.62,31.15,1338.05,159.06,9288,3116
Bar-headed Goose,1995,Thailand,6.53,82.67,27.21,1859.46,1.11,4264,1857
Siberian Crane,1995,Vietnam,35.98,119.66,15.71,560.64,167.33,4519,442
Asian Koel,1995,Vietnam,49.11,78.77,23.63,1326.28,68.89,7870,1795
Siberian Crane,1995,Vietnam,32.68,85.48,31.98,2489.75,76.26,9345,3571
Bar-headed Goose,1995,Vietnam,9.95,99.18,18.67,2202.36,34.24,4639,1474
Siberian Crane,1995,Vietnam,16.18,82.31,16.56,1052.64,104,3102,3458
Oriental Magpie-Robin,1995,Vietnam,20.93,86.34,13.52,1586.97,6.53,2661,4935
Siberian Crane,1996,Bangladesh,52.58,95.42,21.32,1591.39,114.82,2617,4656
Bar-headed Goose,1996,Bangladesh,18.58,94.27,14.18,1028.91,21.67,3447,4840
Asian Koel,1996,Bangladesh,31.95,147.84,32.52,950.04,173.85,6279,4131
Bar-headed Goose,1996,Bangladesh,48.22,87.11,29.45,1397.68,85.38,2092,1104
Bar-headed Goose,1996,China,32.81,61.03,17.56,2656.3,179.52,9584,1565
Oriental Magpie-Robin,1996,India,16.73,98.12,28.11,911.81,8.01,4732,4510
Bar-headed Goose,1996,India,9.22,63.8,32.5,657.23,199.34,3779,2296
Indian Pitta,1996,India,43.42,115.82,33.74,897.95,81.11,7895,1224
Oriental Magpie-Robin,1996,India,32.93,87.19,28.84,2606.64,35.69,1807,1320
Indian Pitta,1996,India,48.98,102.08,22.7,2829.46,190.52,5974,105
Indian Pitta,1996,India,52.22,81.57,25.91,1206.89,46.53,7529,3784
Asian Koel,1996,India,18.07,67.74,14.73,580.88,173.45,4543,1267
Indian Pitta,1996,Indonesia,54.68,92.22,21.4,684.1,44.7,6984,3927
Bar-headed Goose,1996,Indonesia,21.57,85.17,17.01,2657.73,50.48,7906,1977
Indian Pitta,1996,Japan,14.92,134.67,32.35,727.82,31.44,6630,2807
Oriental Magpie-Robin,1996,Japan,6.82,136.44,14.36,2788.87,113.63,1432,847
Asian Koel,1996,Japan,18.34,116.94,29.92,1682.06,97.73,5626,998
Indian Pitta,1996,Nepal,35.29,85.95,26.25,2328.38,167.32,234,3958
Asian Koel,1996,Pakistan,45.31,140.66,29.68,1882.95,43.92,8864,3004
Bar-headed Goose,1996,Pakistan,32.62,68.63,30.05,2696.86,85.33,6102,1145
Indian Pitta,1996,Pakistan,47.49,101.34,17.04,2352.68,79.59,8512,1035
Indian Pitta,1996,Pakistan,35.93,135.85,18.84,619.3,38.78,7888,3013
Bar-headed Goose,1996,Pakistan,15.58,135.53,29.03,2717.01,65.71,4044,4172
Indian Pitta,1996,Sri Lanka,14.04,128.82,28.35,1683.42,185.74,5573,2397
Oriental Magpie-Robin,1996,Sri Lanka,51.38,83.12,22.76,903.22,25.83,2216,4932
Indian Pitta,1996,Sri Lanka,23.65,101.44,28.17,2339.96,92.33,7442,119
Siberian Crane,1996,Thailand,5.3,113.65,11.44,2684.43,13.65,5172,787
Siberian Crane,1996,Thailand,5.08,117.9,24.95,548.77,16.86,7246,2454
Bar-headed Goose,1996,Thailand,8.71,140.84,34.02,2813.51,91.68,3289,4813
Asian Koel,1997,Bangladesh,10.16,92.37,11.89,1425.24,90.4,799,4765
Oriental Magpie-Robin,1997,Bangladesh,21.47,61.1,13.19,2595.32,114.19,391,4792
Bar-headed Goose,1997,China,38.98,106.57,30.85,1212.86,86.79,6149,1183
Oriental Magpie-Robin,1997,China,30.88,84.07,25.38,2245.68,133.37,5327,2711
Indian Pitta,1997,China,17.39,149.08,10.91,838.54,75.29,3167,3879
Siberian Crane,1997,India,18.93,70.13,27.8,760.85,19.54,9324,4683
Asian Koel,1997,India,5.36,115.17,29.15,914.38,9.43,329,3642
Siberian Crane,1997,Indonesia,7.89,116.5,28.54,934.87,177.34,8393,3073
Bar-headed Goose,1997,Indonesia,9.07,77.39,18.72,2853.01,150.77,614,4970
Oriental Magpie-Robin,1997,Indonesia,33.7,89.96,18.24,1128.28,171.78,4555,2651
Siberian Crane,1997,Indonesia,18.86,88.87,17.42,977.48,176.15,9867,1733
Indian Pitta,1997,Indonesia,12.2,126.46,30.16,825.49,118.76,6277,70
Bar-headed Goose,1997,Japan,33.22,67.92,19.3,2822.52,105.21,957,3797
Bar-headed Goose,1997,Japan,40.84,134.18,34.44,621.9,46.1,4830,339
Bar-headed Goose,1997,Japan,11.8,92.95,31.49,556.74,57.87,2199,4436
Indian Pitta,1997,Japan,14.84,130.99,18.84,540.13,25.57,3810,2883
Oriental Magpie-Robin,1997,Nepal,42.8,143.09,13.79,2153.56,128.88,6179,972
Siberian Crane,1997,Pakistan,46.91,131.17,12.1,2424.81,182.09,445,3759
Oriental Magpie-Robin,1997,Pakistan,27.92,86.88,18.11,1090.8,148.64,4654,4399
Indian Pitta,1997,Pakistan,46.59,134.55,23.73,785.24,168.69,2381,703
Asian Koel,1997,Sri Lanka,13.15,122.31,26.01,2655.85,124.55,1768,774
Oriental Magpie-Robin,1997,Sri Lanka,21.44,83.86,17.78,2840.3,181.69,1807,3420
Asian Koel,1997,Sri Lanka,46.52,117.74,15.94,2952.91,51.28,8482,2226
Asian Koel,1997,Sri Lanka,9.34,87.75,30.47,2610.32,146.5,2940,2843
Asian Koel,1997,Thailand,39.22,136.01,11.4,2339.24,125.88,8224,2890
Siberian Crane,1997,Thailand,16.67,136.02,30.47,1559.16,95.94,9786,468
Bar-headed Goose,1997,Vietnam,53.11,70.19,21.29,1637.39,101.44,4148,1887
Bar-headed Goose,1997,Vietnam,36.58,120.36,23.54,2014.74,96.67,9315,385
Indian Pitta,1997,Vietnam,27.64,78.75,12.66,1138.6,33.06,3583,2049
Oriental Magpie-Robin,1997,Vietnam,23.31,92.48,24.92,699.95,86.88,5778,1210
Asian Koel,1997,Vietnam,45.94,104.96,16.37,617.24,92.56,5132,1917
Oriental Magpie-Robin,1998,Bangladesh,10.09,100.61,33.1,2780.99,39.89,9816,1892
Asian Koel,1998,Bangladesh,22.95,124.55,23.48,964.75,188.87,8273,1002
Asian Koel,1998,Bangladesh,40.55,97.88,30.08,2894.54,6.24,2448,4690
Bar-headed Goose,1998,Bangladesh,35.42,127.74,14.36,1037.95,7.44,3182,1465
Asian Koel,1998,Bangladesh,44.23,142.12,33.36,1029.41,132.4,5592,937
Asian Koel,1998,Bangladesh,40.07,99.31,24.66,2627.34,77.29,571,1760
Siberian Crane,1998,China,26.64,131.74,18.41,1448.48,31.78,9874,3335
Asian Koel,1998,China,16.88,122.55,23.47,1719.97,88.88,1822,3643
Indian Pitta,1998,China,52.53,61.74,24.44,2120.95,51.79,8786,2381
Indian Pitta,1998,China,35.85,62.4,26.18,2603.92,99.92,2880,774
Bar-headed Goose,1998,China,7.3,144.64,31.69,1977.62,38.23,2026,4231
Oriental Magpie-Robin,1998,China,54.31,92.43,21.22,1227.65,172.45,5761,1378
Siberian Crane,1998,Indonesia,54.11,63.7,16.38,2189.25,134.37,1565,4575
Asian Koel,1998,Indonesia,5.56,99.93,33.04,623.98,106.69,5869,3344
Oriental Magpie-Robin,1998,Indonesia,23.65,97.92,22.38,2617.62,193.37,9539,1520
Oriental Magpie-Robin,1998,Indonesia,7.34,144.36,27.42,993.78,106.14,9291,4719
Siberian Crane,1998,Japan,37.95,67.55,23.11,2299.02,7.27,3263,1765
Oriental Magpie-Robin,1998,Japan,33.04,97.6,17.23,2053.45,108.67,4902,4413
Indian Pitta,1998,Japan,7.54,78.95,21.12,2343.47,32.56,9322,2667
Asian Koel,1998,Japan,16.13,81.58,35,1062.59,192.07,8186,1501
Siberian Crane,1998,Japan,44.04,83.11,25.86,2339.23,3.48,6602,2464
Indian Pitta,1998,Nepal,45.66,85.74,27.93,1525.98,8.14,5695,736
Oriental Magpie-Robin,1998,Nepal,34.22,81.32,24.27,1334.22,89.47,3462,1604
Indian Pitta,1998,Pakistan,31.3,90.57,24.74,1019.41,34.22,4243,2248
Oriental Magpie-Robin,1998,Pakistan,39.7,86.42,28.76,2330.59,184.43,8655,2033
Asian Koel,1998,Pakistan,19.74,65.28,17.77,1014.7,19.9,409,4954
Asian Koel,1998,Sri Lanka,19.77,95.44,20.39,1845.06,70.91,2235,4068
Indian Pitta,1998,Sri Lanka,14.02,79.05,17,2618.89,85.99,8596,4467
Indian Pitta,1998,Sri Lanka,17.63,138.5,22.25,1655.2,112.17,2538,4197
Indian Pitta,1998,Sri Lanka,30.22,74.36,15.96,1902.2,24.15,6666,4187
Siberian Crane,1998,Sri Lanka,11.06,122.31,19.22,1801.34,27.72,6429,4199
Asian Koel,1998,Sri Lanka,51.61,106.32,29.61,2262.98,174.7,5397,4378
Bar-headed Goose,1998,Thailand,47.02,89.66,31.49,2107.54,58.59,8173,2151
Siberian Crane,1998,Thailand,39.86,138.44,18.22,2610.15,18.61,8471,3239
Bar-headed Goose,1998,Thailand,44.1,101.14,18.4,2136.9,137,614,1836
Indian Pitta,1998,Vietnam,41.14,120.8,21.96,1244.03,198.48,2412,998
Oriental Magpie-Robin,1998,Vietnam,33.93,84.11,26.04,1726.77,62.62,5264,1594
Indian Pitta,1998,Vietnam,52.35,110.4,21.31,2902.03,179.08,385,4659
Bar-headed Goose,1999,Bangladesh,26.51,68.14,30.12,2960.21,5.43,4521,4844
Bar-headed Goose,1999,Bangladesh,46.23,143.98,26.03,2532.69,111.31,2762,2869
Indian Pitta,1999,Bangladesh,40.68,80.49,27.12,1496.82,69.17,927,4650
Siberian Crane,1999,China,8.72,139.42,10.56,2481.22,154.37,2253,4086
Oriental Magpie-Robin,1999,China,50.73,63.67,21.19,2217.78,15.26,6072,3256
Oriental Magpie-Robin,1999,China,46.16,109.21,14.66,2778.11,145.05,1136,2925
Siberian Crane,1999,India,13.61,93.22,28.64,2662.95,160.49,9218,4731
Oriental Magpie-Robin,1999,India,30.32,135.24,16.56,1630.62,83.93,3394,286
Asian Koel,1999,India,38.08,79.74,30.19,905.28,135.54,3967,2776
Indian Pitta,1999,India,51.7,143.46,17.55,1127.25,131.28,3235,2782
Oriental Magpie-Robin,1999,India,31.02,139.97,10.12,1815.06,36.15,2156,4275
Bar-headed Goose,1999,India,38.61,124.87,33.25,657.47,85.25,2284,4843
Siberian Crane,1999,India,42.52,90.48,20.09,1241.07,192.83,5807,4487
Siberian Crane,1999,Indonesia,35.9,78.33,15.2,516.69,17.27,7573,490
Siberian Crane,1999,Indonesia,14.86,98.92,23.88,2693.84,178.88,7666,2188
Oriental Magpie-Robin,1999,Pakistan,41.07,92.31,19.96,1991.27,32.64,9802,3196
Indian Pitta,1999,Pakistan,7.04,91.66,20.65,1421.93,150.35,9225,1259
Asian Koel,1999,Pakistan,35.77,62.54,31.34,2981.9,110.13,4945,655
Bar-headed Goose,1999,Sri Lanka,23.03,91.13,15.99,2951.53,132.53,2483,1138
Bar-headed Goose,1999,Sri Lanka,15.69,119.34,12.54,1006.22,69.2,6879,538
Asian Koel,1999,Thailand,44.64,99.31,14.34,1528.05,139.36,9043,1565
Siberian Crane,1999,Thailand,54.66,123.95,11.01,1197.51,14.79,9290,3886
Siberian Crane,1999,Vietnam,21.29,129.03,13.76,2372.17,54.04,217,3680
Oriental Magpie-Robin,1999,Vietnam,49.47,84.16,21.67,1335.63,167.74,9406,2352
Indian Pitta,1999,Vietnam,14.14,70.49,29.36,2495.39,88.93,9416,2286
Indian Pitta,2000,Bangladesh,34.99,104.91,15.75,1104.04,79.43,9668,4125
Siberian Crane,2000,China,30.13,109.96,33.36,1411.53,136.99,5983,3037
Indian Pitta,2000,India,14.73,70.19,12.24,1772.01,136.99,536,2785
Oriental Magpie-Robin,2000,Indonesia,6.96,117.96,10.77,856.13,189.96,4155,3568
Bar-headed Goose,2000,Indonesia,16.93,110.66,26.93,1622.12,22.57,8046,2165
Oriental Magpie-Robin,2000,Indonesia,30.98,88.77,16.33,609.96,156.7,5568,793
Siberian Crane,2000,Japan,15.83,96.54,26.87,731.8,43.35,5849,2647
Bar-headed Goose,2000,Japan,21.9,117.36,30.17,2409.65,130.79,6803,2261
Siberian Crane,2000,Japan,27.43,110.65,24.74,2774.34,91.1,1430,4085
Bar-headed Goose,2000,Japan,19.34,96.66,33.97,1139.32,28.11,9586,2038
Bar-headed Goose,2000,Nepal,23.34,81.01,25.31,1387.32,118.3,3421,2894
Bar-headed Goose,2000,Nepal,35.61,109.03,29.5,2776.75,43.9,5556,4928
Indian Pitta,2000,Pakistan,24.33,80.1,34.21,2887.95,130.37,3563,2619
Indian Pitta,2000,Pakistan,54.6,128.46,15.24,2633.9,84.15,7795,2231
Bar-headed Goose,2000,Pakistan,5.89,131.95,19.97,891.88,158.16,2656,189
Indian Pitta,2000,Sri Lanka,31.67,96.01,14.54,961.05,116.87,1783,1051
Siberian Crane,2000,Sri Lanka,14.05,67.8,10.97,2036.87,32.48,3017,1984
Oriental Magpie-Robin,2000,Sri Lanka,39.13,71.13,23.64,1235.81,177.12,2784,3062
Siberian Crane,2000,Thailand,51.15,146.64,20.34,1235.22,76.58,2713,3532
Asian Koel,2000,Thailand,35.97,137.6,10.73,2746.6,176.88,4343,610
Asian Koel,2000,Thailand,29.4,106.95,15.29,862.69,171.04,3941,4013
Siberian Crane,2000,Thailand,38.4,112.18,19.28,772.28,170.12,2540,2979
Oriental Magpie-Robin,2000,Thailand,8.18,101.24,32.13,2553.85,187.94,1300,4740
Asian Koel,2000,Thailand,25.48,107.81,28.3,2646.6,24.7,8990,1321
Indian Pitta,2000,Thailand,21.73,112.58,18.49,2468.46,188.8,7995,2483
Asian Koel,2000,Thailand,31.7,103.78,23.38,1360.8,75.63,9902,71
Bar-headed Goose,2000,Vietnam,6.52,89.61,28.03,2706.97,147.68,550,1344
Bar-headed Goose,2001,Bangladesh,52.65,102.6,13.09,2240.86,133.09,6610,4024
Asian Koel,2001,Bangladesh,19.5,78.11,24.39,1215.52,82.5,3643,670
Indian Pitta,2001,Bangladesh,5.09,116.24,22.25,2406.93,149.84,3686,1496
Indian Pitta,2001,China,54.49,97.7,20.24,2281.11,51.8,2184,3160
Bar-headed Goose,2001,India,14.33,102.65,16.43,538.42,113.84,9910,1095
Asian Koel,2001,Indonesia,36.84,85.17,32.85,2707.38,26.79,4919,4648
Asian Koel,2001,Indonesia,25.61,112.4,12.88,1174.23,101.22,5456,1487
Siberian Crane,2001,Indonesia,50.65,125.65,33.29,1737.91,119.52,8550,3031
Indian Pitta,2001,Japan,50.98,123.33,15.11,658.42,20.82,5369,1656
Bar-headed Goose,2001,Japan,21.23,131.29,29.19,525.35,44.57,6831,4166
Asian Koel,2001,Japan,42.47,112.14,11.66,2921.76,71.54,6428,523
Oriental Magpie-Robin,2001,Japan,43.58,85.02,27.89,1292.78,48.26,9768,2758
Indian Pitta,2001,Japan,22.17,126.42,21.51,865.87,66.09,3894,1418
Bar-headed Goose,2001,Nepal,43.94,141.19,17.24,2101.89,74.59,2098,2414
Asian Koel,2001,Pakistan,29.63,87.25,24,1625.47,120.58,1130,4559
Indian Pitta,2001,Pakistan,28.79,88.93,18.81,820.16,85.2,6885,300
Asian Koel,2001,Pakistan,27.61,79.94,28.38,820.33,73.42,1316,4931
Oriental Magpie-Robin,2001,Pakistan,15.78,68.47,29.85,2066.79,35.01,9732,4466
Indian Pitta,2001,Pakistan,24.58,141.05,16.77,2505.09,129.26,965,2210
Asian Koel,2001,Sri Lanka,6.11,118.06,11.19,2245.82,160.34,2431,898
Siberian Crane,2001,Sri Lanka,9.72,104.37,22.16,2913.3,147.29,8686,2715
Siberian Crane,2001,Sri Lanka,18.05,147.75,33.45,2146.83,50.54,8887,1156
Asian Koel,2001,Sri Lanka,34.45,106.2,17.95,2011.39,80.09,7931,1645
Indian Pitta,2001,Sri Lanka,37.42,108.44,28.01,2019.82,115.5,2615,419
Siberian Crane,2001,Sri Lanka,39.11,79.64,24.71,2360.24,14.4,9898,1606
Indian Pitta,2001,Thailand,29.18,123.73,30.41,690.39,123.85,5760,1994
Indian Pitta,2001,Thailand,18.09,87.72,32.53,2909.49,32.92,5590,4973
Asian Koel,2001,Vietnam,8.05,105.61,30.11,2291.67,12.09,8916,2434
Bar-headed Goose,2001,Vietnam,37.91,131.16,18.12,2950.43,8.08,3246,1997
Asian Koel,2001,Vietnam,32.14,73.89,22.19,2677.22,132.16,7101,733
Indian Pitta,2002,Bangladesh,10.24,89.88,14.46,2944.5,100.95,5492,166
Siberian Crane,2002,Bangladesh,32.64,106.65,17.44,1673.37,135.33,239,2122
Siberian Crane,2002,China,27.98,66.08,23.94,1892.54,147.87,6234,3107
Siberian Crane,2002,China,25.56,140.87,12.76,1249.68,16.12,2324,681
Bar-headed Goose,2002,China,46.6,142.19,16.65,1151.93,15.08,7287,287
Indian Pitta,2002,China,53.62,101.26,20.65,1672.2,162.78,2172,4202
Siberian Crane,2002,India,8.86,96.15,22.9,1346.09,43.78,2694,2807
Siberian Crane,2002,India,32.57,110.14,23.65,1078.13,171.58,6789,1857
Bar-headed Goose,2002,India,21.27,61.85,16.71,1515.81,164.33,9207,3514
Indian Pitta,2002,India,39.74,137.56,12.68,1660.18,107.91,4298,1985
Indian Pitta,2002,Indonesia,52.05,98.82,13.55,2267.9,154.27,3975,1351
Bar-headed Goose,2002,Indonesia,31.19,149.75,12.07,1387.2,10.15,1186,4978
Indian Pitta,2002,Indonesia,16.65,76.85,28.14,2435.89,142.95,3918,1421
Asian Koel,2002,Japan,42.42,134.98,32.78,2921.84,171.27,8077,4527
Bar-headed Goose,2002,Japan,42.78,79.22,14.98,1117.37,20.32,137,3366
Indian Pitta,2002,Japan,13.67,85.26,14.39,1908.47,86.92,8484,1146
Asian Koel,2002,Japan,20.58,84.17,12.03,2127.06,23.55,5225,4221
Bar-headed Goose,2002,Japan,50.26,143.4,27.14,2624.54,113.95,7366,114
Siberian Crane,2002,Nepal,13.21,102.14,27.17,1038.4,179.62,1212,1032
Oriental Magpie-Robin,2002,Pakistan,10.58,122.23,20.8,1175.9,99.59,2067,3451
Indian Pitta,2002,Pakistan,43.61,60.07,21.68,940.98,105.69,9532,4749
Bar-headed Goose,2002,Sri Lanka,47.48,126.44,30.01,2735.66,38.55,7575,3696
Oriental Magpie-Robin,2002,Sri Lanka,16.79,106.79,33.07,1427.18,62.04,1084,4104
Bar-headed Goose,2002,Sri Lanka,8.07,67.5,13.08,1126.38,15.36,7360,4482
Indian Pitta,2002,Sri Lanka,36.93,71.03,29.2,943.66,139.03,401,2351
Asian Koel,2002,Thailand,34.77,60.51,16.29,1515.88,133.06,1632,2571
Oriental Magpie-Robin,2002,Thailand,26.81,112.53,30.46,1855.11,124.83,5344,1276
Oriental Magpie-Robin,2002,Vietnam,37.48,112.39,20.47,2633.25,97.19,1453,1907
Siberian Crane,2002,Vietnam,27.66,120.51,30.97,1461.97,93.01,1793,2144
Indian Pitta,2003,Bangladesh,25.22,142.82,32.01,1759.85,73.32,6504,2451
Indian Pitta,2003,Bangladesh,39.88,113.13,34.58,2353.32,196.12,8401,4026
Oriental Magpie-Robin,2003,Bangladesh,52.19,96.03,21.8,1277.41,167.5,1230,4873
Oriental Magpie-Robin,2003,Bangladesh,18.82,148.35,15.97,2198.03,18.05,3837,1647
Oriental Magpie-Robin,2003,Bangladesh,31.16,104.63,29.04,1603.76,54.06,9194,1322
Indian Pitta,2003,China,18.8,105.7,25.78,2917.37,25.86,9990,1892
Asian Koel,2003,China,19.93,90.5,17.05,884.94,153.09,9452,3845
Indian Pitta,2003,China,32.65,148.54,22.5,1326.77,173.23,3195,4071
Indian Pitta,2003,India,31.67,85.23,33.59,1044.06,175.85,2890,1687
Bar-headed Goose,2003,India,17.57,83.93,22.63,2219.42,25.96,3458,222
Indian Pitta,2003,India,41.35,122.95,11.18,2053.32,80.21,4999,887
Indian Pitta,2003,India,52.42,135.72,12.65,2198.02,164.69,4385,1843
Siberian Crane,2003,Indonesia,6.54,111.92,19.72,1016.77,118.63,1048,2094
Siberian Crane,2003,Indonesia,9.02,140.2,25.91,1813.21,4.83,1575,2068
Asian Koel,2003,Japan,13.71,107.29,18.44,1667.26,91.62,6916,1730
Oriental Magpie-Robin,2003,Japan,25.73,130.48,33.28,2291.28,167.75,3502,3989
Bar-headed Goose,2003,Japan,8.45,134.67,19.06,1395.38,88.21,6517,2129
Bar-headed Goose,2003,Japan,44.94,91.68,13.71,2270.39,35.32,1718,2179
Asian Koel,2003,Japan,47.89,65.15,27.95,1614.54,147.47,6610,949
Indian Pitta,2003,Nepal,24.49,63.68,18.91,1927.08,52.45,7713,4880
Bar-headed Goose,2003,Nepal,53.08,94.39,11.13,2356.82,125.17,5270,581
Siberian Crane,2003,Pakistan,35.37,127.04,11.6,500.68,144.55,6636,1886
Asian Koel,2003,Pakistan,31.81,127.59,24.65,1024.85,52.24,9839,3228
Oriental Magpie-Robin,2003,Pakistan,9.26,88.93,11.08,972.07,161.04,1467,3599
Asian Koel,2003,Pakistan,22.5,107.81,23.44,1354.07,98.65,7696,2886
Siberian Crane,2003,Sri Lanka,9.92,74.27,15.12,2749.71,62.8,7281,4270
Indian Pitta,2003,Sri Lanka,23.8,140.37,10.02,1884.56,98.61,1842,1464
Siberian Crane,2003,Sri Lanka,30.52,88.18,18.43,1006.99,71.45,286,4745
Indian Pitta,2003,Sri Lanka,41.58,123.54,10.97,1199.36,135.93,6267,894
Siberian Crane,2003,Sri Lanka,35.97,68.58,17.05,2542.65,42.91,3859,835
Siberian Crane,2003,Thailand,33.6,132.5,29.58,2894.24,139.1,4979,4625
Indian Pitta,2003,Thailand,42.31,123.25,31.64,655.28,19.31,7629,4715
Bar-headed Goose,2003,Thailand,19.61,116.29,30.12,2478.15,25.7,6061,961
Oriental Magpie-Robin,2003,Vietnam,38.37,63.11,21.97,1990.59,1.43,5585,668
Indian Pitta,2003,Vietnam,52.74,69.02,15.21,1551.92,52.88,9734,637
Asian Koel,2003,Vietnam,5.98,90.64,27.34,2504.68,186.53,2873,2169
Oriental Magpie-Robin,2003,Vietnam,37.92,111.55,30.57,1376.97,14.98,3647,121
Asian Koel,2003,Vietnam,51.84,133.17,11.18,2272.34,161.29,3950,2643
Oriental Magpie-Robin,2004,Bangladesh,15.99,84.24,31.62,1852.09,128.95,964,3166
Indian Pitta,2004,Bangladesh,19.67,78.55,30.7,1410.13,31.73,6842,614
Bar-headed Goose,2004,China,30.64,131.81,21.76,2155.5,85.75,2104,4788
Bar-headed Goose,2004,China,6.35,102.38,19.22,755.52,94.69,7502,542
Bar-headed Goose,2004,China,38.56,69.66,34.37,1259.04,194.62,3522,3730
Oriental Magpie-Robin,2004,China,43.94,75.62,29.25,753.88,155.09,5176,4554
Oriental Magpie-Robin,2004,India,32.23,142.91,16.42,1313.41,9.07,6081,4427
Asian Koel,2004,India,24.46,136.63,22.7,2334.56,74.78,2878,1302
Siberian Crane,2004,Indonesia,31.73,78.73,31.45,2845.47,2.95,1854,1598
Asian Koel,2004,Indonesia,43.59,68.64,18.29,1336.93,35.35,8181,3012
Indian Pitta,2004,Indonesia,21.96,64.46,20.43,1317.49,40.55,1145,2403
Oriental Magpie-Robin,2004,Japan,47.26,67.97,22.09,2602.06,30.86,8544,3342
Asian Koel,2004,Japan,53.59,68.58,15.5,883.91,147.71,8210,3419
Bar-headed Goose,2004,Japan,8.07,116.51,11.82,1189.41,33.88,6650,3899
Bar-headed Goose,2004,Nepal,53.8,116.13,30.86,863.39,3.22,3562,3392
Asian Koel,2004,Nepal,54.17,76.58,23.82,1126.23,72.69,9084,1126
Siberian Crane,2004,Nepal,39.02,74.97,18.04,1265.81,63.86,2736,4662
Asian Koel,2004,Pakistan,5.91,118.81,32.93,2655.89,2.1,4153,3556
Oriental Magpie-Robin,2004,Pakistan,49.39,143.12,12.25,1685.31,164.21,1775,3675
Asian Koel,2004,Pakistan,45.1,123.86,21.19,1635.78,86.78,9453,1202
Bar-headed Goose,2004,Pakistan,48.19,110.26,14.23,2663.05,111.13,1842,2949
Oriental Magpie-Robin,2004,Sri Lanka,8.58,140.96,26.48,2017.91,62.41,1261,1181
Oriental Magpie-Robin,2004,Sri Lanka,29.18,127.7,22.65,2034.7,16.04,9125,267
Bar-headed Goose,2004,Sri Lanka,19.4,147.63,29,2842.6,41.36,1485,4424
Bar-headed Goose,2004,Thailand,24.13,105.36,21.31,2408.87,160.68,4011,1873
Indian Pitta,2004,Vietnam,26.19,120.3,21.7,1364.31,120.89,6022,669
Oriental Magpie-Robin,2004,Vietnam,44.97,87.39,20.21,846.89,187.26,1082,2663
Oriental Magpie-Robin,2004,Vietnam,40.3,121.98,17.61,2847.23,43.07,8569,3447
Asian Koel,2005,Bangladesh,25.58,132.4,22.59,694.48,195.51,9777,3736
Siberian Crane,2005,Bangladesh,53.23,131.68,25.65,2995.12,29,3304,578
Siberian Crane,2005,Bangladesh,47.98,104.87,30.48,1021.67,136.67,6216,1132
Bar-headed Goose,2005,Bangladesh,23.27,74.62,31.31,2306.91,193.63,6088,2713
Asian Koel,2005,China,24.58,69.66,11.54,2768.25,49.87,6567,1191
Indian Pitta,2005,China,49.89,137.11,28.32,1692.48,30.05,3256,3741
Asian Koel,2005,China,45.51,61.57,29.13,1036.83,28.96,1107,2281
Siberian Crane,2005,China,50.09,132.31,34.29,2639.85,53.92,3212,1784
Asian Koel,2005,India,46.16,84.51,27.84,1431.53,52.51,1724,3667
Bar-headed Goose,2005,India,18.02,111.59,22.26,719.7,47.36,9208,3414
Indian Pitta,2005,India,24.14,124.19,26.47,2283.86,59.87,8142,534
Bar-headed Goose,2005,India,27.33,140.53,28.2,2246.54,136.22,1263,823
Indian Pitta,2005,Indonesia,33.78,92.98,32.86,2653.43,149.52,3517,1510
Indian Pitta,2005,Indonesia,5.58,128.63,13.48,821.22,46.57,2090,4566
Asian Koel,2005,Indonesia,27.52,77.77,29.37,893.3,162.79,1955,3784
Oriental Magpie-Robin,2005,Japan,45.1,121.73,18.43,2872.84,109.78,4474,783
Indian Pitta,2005,Japan,25.63,101.77,32.27,2205.89,8.08,1110,2253
Siberian Crane,2005,Nepal,25.51,89.95,14.01,686.51,90.13,5211,257
Oriental Magpie-Robin,2005,Nepal,16.96,95.03,21.59,1648.25,0.8,8786,1641
Oriental Magpie-Robin,2005,Nepal,43.44,63.49,17.55,1774.98,182.99,8795,1916
Oriental Magpie-Robin,2005,Nepal,40.86,115.48,32.35,2469.46,164.29,3345,130
Siberian Crane,2005,Pakistan,49.92,85.46,24.21,1772.22,169.8,3458,4051
Asian Koel,2005,Pakistan,29.53,147.25,22.53,1672.04,22.53,9168,983
Siberian Crane,2005,Pakistan,41.65,63.07,24.17,2179.13,101.28,8479,924
Indian Pitta,2005,Sri Lanka,42.44,106.75,14.65,2398.23,155.02,2490,1528
Oriental Magpie-Robin,2005,Sri Lanka,8.94,125.9,10.52,2108.77,45.87,3627,1244
Indian Pitta,2005,Sri Lanka,42.01,78.01,10.3,2600.95,40.85,7118,3870
Bar-headed Goose,2005,Sri Lanka,52.89,123.06,26.04,2826.22,35.11,7596,4833
Bar-headed Goose,2005,Sri Lanka,18.33,139.28,31.38,1558.64,59.19,5967,4173
Oriental Magpie-Robin,2005,Thailand,50.96,144.58,10.35,1141.05,8.15,1674,2859
Siberian Crane,2005,Thailand,48.76,137.01,11.17,2196.44,143.45,9418,1891
Bar-headed Goose,2005,Thailand,24.86,117.02,18.12,1409.59,15.08,3254,812
Asian Koel,2005,Thailand,16.02,113.57,29.38,810.6,11.63,7532,2846
Bar-headed Goose,2005,Vietnam,46.58,63.42,27.1,966.19,71.59,3206,3837
Bar-headed Goose,2006,Bangladesh,14.12,139.67,16.63,1601.5,126.09,8392,2074
Bar-headed Goose,2006,Bangladesh,33.77,129.73,23.38,1336.92,58.75,3357,3629
Indian Pitta,2006,Bangladesh,31.79,122.71,33.13,716.5,43.44,503,2025
Bar-headed Goose,2006,China,48.08,122.32,19.61,2831.77,116.71,3617,2759
Indian Pitta,2006,China,48.94,117.26,31.92,2838.89,29.75,2207,2645
Oriental Magpie-Robin,2006,China,39.6,127.61,30.19,2077.77,58.19,2877,389
Siberian Crane,2006,India,46.89,94.95,29.13,1895.04,126.4,5993,4133
Siberian Crane,2006,India,26.2,60.14,25.75,1112.84,154.96,1286,1779
Siberian Crane,2006,India,7.07,73.75,17.49,656.27,84.48,8684,236
Siberian Crane,2006,India,50.67,101.74,27.51,1821.3,16.52,726,4833
Oriental Magpie-Robin,2006,Indonesia,13.92,115.58,11.66,2152.66,57.01,5202,2569
Siberian Crane,2006,Japan,27.27,71.22,11.8,1755.81,1.15,371,4061
Oriental Magpie-Robin,2006,Japan,22.6,117.15,27.23,1178.1,72.59,2821,399
Indian Pitta,2006,Japan,28.75,133.98,33.91,2708.97,141.45,2690,1001
Siberian Crane,2006,Nepal,8.84,122.8,14.43,753.38,60.63,2630,1301
Bar-headed Goose,2006,Pakistan,36.46,136.65,17.2,1765.08,110.58,2466,53
Bar-headed Goose,2006,Pakistan,39.14,88.8,13.26,2488.03,160.75,1398,1646
Asian Koel,2006,Pakistan,30.22,82.26,13.8,938.76,38.87,3725,2728
Asian Koel,2006,Sri Lanka,21.71,87.47,25.39,851.54,28.87,3416,3066
Siberian Crane,2006,Sri Lanka,29.73,109.76,18.44,2768.49,137.42,1173,3049
Indian Pitta,2006,Thailand,53.03,75.18,20.19,2200.26,183.5,7536,414
Bar-headed Goose,2006,Vietnam,53.45,96.93,13.1,978.51,184.32,7343,1679
Siberian Crane,2007,Bangladesh,10.55,120.12,28.88,2279.32,50.21,5245,1318
Oriental Magpie-Robin,2007,Bangladesh,33.33,107.72,27.36,2612.53,46.66,386,4584
Asian Koel,2007,Bangladesh,34.66,112.8,33.82,2774.67,106.2,9696,3724
Oriental Magpie-Robin,2007,China,31.18,63.25,31.55,717.03,129.57,2870,2970
Oriental Magpie-Robin,2007,China,46.77,69.06,18.12,1724.81,110.19,4883,2948
Asian Koel,2007,China,13.8,86.38,15.86,1994.79,177.17,7972,3190
Siberian Crane,2007,India,8.27,67.27,22.15,2042.95,139.95,5438,2987
Oriental Magpie-Robin,2007,India,39.67,107.57,32.24,1382.45,137.85,1508,4848
Indian Pitta,2007,India,40.25,83.73,32.23,2627.46,77.88,8058,2895
Bar-headed Goose,2007,Indonesia,53.57,110.88,18.51,2390.09,196.6,4424,540
Indian Pitta,2007,Indonesia,20.17,109.13,27.25,2237.14,173.75,4889,120
Asian Koel,2007,Japan,22.17,90.15,18.68,2807.18,40.08,7526,3585
Asian Koel,2007,Japan,30.44,122.9,31.65,533.96,30.88,1850,2193
Oriental Magpie-Robin,2007,Japan,14.71,78.01,25.89,1806.76,100.95,3234,995
Siberian Crane,2007,Nepal,17.58,149.2,19.25,2434.15,149.39,2216,4596
Indian Pitta,2007,Pakistan,36.26,115.48,11.73,2234.84,113.13,2244,1045
Asian Koel,2007,Pakistan,13.07,98.9,19.56,2082.36,123.26,9634,3336
Asian Koel,2007,Pakistan,15.91,104.94,15.3,2573.59,163.02,881,4843
Asian Koel,2007,Pakistan,12.42,112.94,28.69,2172.87,89.5,2804,2268
Bar-headed Goose,2007,Pakistan,7.66,81.56,23.51,2866.51,140.26,7415,3918
Oriental Magpie-Robin,2007,Pakistan,46.13,99.36,26.64,2473.86,37.59,8201,2511
Bar-headed Goose,2007,Sri Lanka,15.28,96.32,19.56,2116.83,29.46,6645,514
Oriental Magpie-Robin,2007,Sri Lanka,15.03,84.81,24.52,2614.98,145.03,4179,4995
Siberian Crane,2007,Sri Lanka,6.76,148.82,13.76,595.5,110.65,6174,4634
Bar-headed Goose,2007,Thailand,31.58,136.37,32.32,537.07,96.18,3531,4018
Oriental Magpie-Robin,2007,Thailand,35.91,92.09,19.7,2633.76,91.06,1466,3361
Oriental Magpie-Robin,2007,Thailand,14.76,77.42,21.77,2868.64,104.26,9212,2548
Asian Koel,2007,Thailand,24,145.9,14.51,1966.25,120.34,3695,1170
Indian Pitta,2007,Thailand,9.83,137.82,27.21,1621.97,55.75,4825,4148
Siberian Crane,2007,Vietnam,36.56,81.67,29.88,2185.13,94.02,5066,3966
Indian Pitta,2007,Vietnam,50.8,141.59,11.6,2739.25,10.48,7205,2080
Bar-headed Goose,2007,Vietnam,8.59,97.07,16.74,2323.99,14.75,2453,3294
Siberian Crane,2007,Vietnam,45.14,104.68,11.74,1076.14,150.18,1564,4768
Asian Koel,2007,Vietnam,35.28,88.89,22.09,1790.9,25.05,6795,3798
Asian Koel,2007,Vietnam,26.31,135.5,27.37,2807.39,68.96,8720,2135
Asian Koel,2007,Vietnam,47.24,115.45,34.79,839.8,35.84,3892,4434
Oriental Magpie-Robin,2007,Vietnam,18.82,109.28,11.26,589.05,199.65,2440,634
Indian Pitta,2008,Bangladesh,39.78,65.51,33.36,1190.72,93.59,8519,1305
Asian Koel,2008,Bangladesh,15.46,72.83,31.76,914.64,107.12,4896,2008
Bar-headed Goose,2008,Bangladesh,8.61,63.75,33.75,2508.77,154.67,6817,3019
Oriental Magpie-Robin,2008,China,15.02,96.26,10.21,1145.01,59.39,9589,363
Asian Koel,2008,China,14.38,78.22,34.81,2821.21,91.38,1391,2333
Indian Pitta,2008,China,53.31,93.8,17.6,1135.22,2.43,4258,3723
Indian Pitta,2008,China,44.55,133.79,20.94,1174.45,136.97,4874,2835
Asian Koel,2008,China,10.65,140.46,19.07,2275.25,27.58,5556,1994
Oriental Magpie-Robin,2008,China,20.88,61.98,12.48,1668.15,77.17,4061,4566
Oriental Magpie-Robin,2008,India,18.23,124.32,32.12,1038.19,28.77,3814,4923
Indian Pitta,2008,India,27.98,117.95,32.3,2504.12,61.74,4233,1835
Bar-headed Goose,2008,Indonesia,21.43,124.96,31.4,2677.09,187.39,3503,3089
Asian Koel,2008,Indonesia,25.56,144.68,26.48,1058.74,189.02,8419,2561
Indian Pitta,2008,Indonesia,16.6,64.56,26.51,973.42,35.28,7771,283
Oriental Magpie-Robin,2008,Japan,43.34,107.85,21.45,972.82,10.42,3942,169
Indian Pitta,2008,Japan,5.19,93.6,28.16,2948.28,112.61,7591,3407
Siberian Crane,2008,Nepal,19.04,100.47,27.11,1328.44,87.81,328,3907
Siberian Crane,2008,Nepal,38.13,131.47,32.84,2811.64,183.6,6032,3052
Asian Koel,2008,Nepal,46.08,75.86,17.94,668.67,151.81,8288,856
Siberian Crane,2008,Nepal,17.95,84.37,16.32,590.91,90.67,3263,3739
Oriental Magpie-Robin,2008,Pakistan,21.88,107.7,12.15,508.79,129.58,4704,2570
Bar-headed Goose,2008,Pakistan,45.2,98.67,10.81,1673.45,42.26,5680,1293
Bar-headed Goose,2008,Pakistan,46.62,134.61,34.87,1949.62,158.62,2322,3934
Siberian Crane,2008,Pakistan,40.73,93.2,34.08,1450.22,2.25,1396,123
Bar-headed Goose,2008,Pakistan,49.62,99.08,31.89,854.06,11.72,536,4761
Indian Pitta,2008,Sri Lanka,12.29,147.74,10.78,2246.26,85.36,3819,1045
Siberian Crane,2008,Sri Lanka,54.55,82.49,20.2,706.61,25.03,673,3969
Indian Pitta,2008,Sri Lanka,30.83,138.58,10.32,2027.07,35.61,1196,4678
Asian Koel,2008,Sri Lanka,34.07,94.33,15.5,2727,167.97,2421,4264
Indian Pitta,2008,Thailand,18.35,108.56,23.81,2459.04,101.49,4575,3448
Indian Pitta,2008,Thailand,35.44,120.02,19.31,2324.32,74.5,8397,3640
Bar-headed Goose,2008,Thailand,54.69,137.9,23.3,1082.83,158.63,2640,2877
Oriental Magpie-Robin,2008,Thailand,52.76,72.75,21.24,2675.75,188.34,7254,1539
Siberian Crane,2008,Thailand,38.62,100.08,13.58,506.15,110.24,3740,4938
Bar-headed Goose,2008,Thailand,37.19,132.19,18.85,2419.96,10.11,1746,2297
Oriental Magpie-Robin,2008,Vietnam,18.61,137.72,29.13,1231.86,61.25,2949,3709
Siberian Crane,2008,Vietnam,23,69.52,17.33,897.33,19.05,795,3980
Asian Koel,2008,Vietnam,40.11,100.27,26.18,2482.02,148.79,6317,2774
Indian Pitta,2008,Vietnam,6.45,119.09,33.56,793.32,20.53,3974,722
Siberian Crane,2008,Vietnam,19.66,109.78,10.17,2885.96,67.15,1267,274
Siberian Crane,2009,Bangladesh,30.73,87.91,33.83,816.9,107.78,6676,3543
Oriental Magpie-Robin,2009,Bangladesh,22.11,149.04,19.53,741.97,120.52,969,327
Oriental Magpie-Robin,2009,Bangladesh,15.22,65.37,27.84,1374.34,80.6,8277,3109
Indian Pitta,2009,China,23.14,60.63,15.06,1901.96,47.62,5300,152
Oriental Magpie-Robin,2009,China,48.3,128.35,24.28,1584.88,196.69,6981,1747
Oriental Magpie-Robin,2009,India,10.96,71.86,21.41,575.45,40.07,9160,4221
Oriental Magpie-Robin,2009,Indonesia,33.6,91.42,26.84,2872.62,107.97,7520,4064
Siberian Crane,2009,Indonesia,33.18,120.77,28.72,1412.45,11.28,1126,1187
Siberian Crane,2009,Japan,28.94,128.51,11.78,2439.9,3.99,1381,2778
Asian Koel,2009,Japan,41.01,139.5,21.94,997.71,178.86,6720,4273
Oriental Magpie-Robin,2009,Japan,21.62,80.22,30.59,2195.51,191.12,610,1219
Oriental Magpie-Robin,2009,Japan,18.24,93.06,30.86,537.78,121.77,2908,2144
Siberian Crane,2009,Nepal,26.69,119.86,22.93,1287.71,129.64,2462,2292
Indian Pitta,2009,Nepal,16.78,118.01,19.43,1551.76,42.2,3772,4496
Oriental Magpie-Robin,2009,Nepal,49.35,104.57,15.72,1778.6,70.06,5210,2735
Bar-headed Goose,2009,Pakistan,40.99,144.27,17.41,2465.82,0.04,9764,4666
Indian Pitta,2009,Pakistan,36.35,63.08,31.67,2666.49,163.05,9897,790
Indian Pitta,2009,Sri Lanka,45.86,108.05,33.24,722.3,54.69,4918,838
Oriental Magpie-Robin,2009,Thailand,38.38,78.78,30.26,1685.29,182.85,9548,4324
Asian Koel,2009,Thailand,7.35,90.87,27.57,2959.83,57.81,7009,4923
Siberian Crane,2009,Thailand,41.77,94.25,27.98,2508.01,37.66,4565,2973
Siberian Crane,2009,Thailand,25.56,128.63,10.63,2798.17,190.72,4778,2184
Asian Koel,2009,Thailand,11.7,117.88,29.02,2524.75,139.39,7848,2227
Siberian Crane,2009,Vietnam,41.41,93.56,21.14,2241.56,24.77,1024,2351
Asian Koel,2009,Vietnam,17.17,130.26,18.57,731.51,56.63,3999,1483
Asian Koel,2009,Vietnam,49.17,144.51,24.58,1346.83,182.98,1705,3031
Indian Pitta,2009,Vietnam,6.06,115.99,18.61,2672.87,47.4,878,2084
Indian Pitta,2009,Vietnam,24.16,116.48,27.55,1681.18,192.19,3890,2053
Asian Koel,2010,Bangladesh,20.76,81.37,25.27,1682.39,97.86,3900,3814
Oriental Magpie-Robin,2010,Bangladesh,5.37,132.68,33.27,644.49,174.83,5444,1131
Asian Koel,2010,Bangladesh,7.88,88.58,10.92,522.11,72.39,5225,4675
Indian Pitta,2010,Bangladesh,6.32,70.93,24.42,2018.8,65.28,8420,4300
Bar-headed Goose,2010,Bangladesh,29.54,82.42,23.71,1995.47,101.05,4043,4246
Asian Koel,2010,Bangladesh,30.98,79.31,25.18,2664.75,83.5,2135,2372
Siberian Crane,2010,Bangladesh,8.11,120.1,12.32,2152.02,119.87,3458,3685
Indian Pitta,2010,Bangladesh,47.39,97.67,16.11,2979.27,49.28,8059,905
Indian Pitta,2010,China,33.53,122.99,28.73,1598.56,121.63,7232,2327
Indian Pitta,2010,China,21.63,132.22,15.22,529.64,125.14,8757,4211
Asian Koel,2010,China,25.41,88.3,11.69,2456.53,85.53,4372,2430
Indian Pitta,2010,China,45.64,89.15,22.38,1443.92,102.63,6193,344
Indian Pitta,2010,India,39.76,79.17,15.74,1854.44,131.52,4261,2259
Bar-headed Goose,2010,Indonesia,33.01,74,34.85,2344.75,141.77,2694,943
Oriental Magpie-Robin,2010,Indonesia,10.21,146.78,20.66,2884.27,72.57,5833,2013
Asian Koel,2010,Nepal,34.14,69.13,24.91,1094.66,79.11,7217,4616
Asian Koel,2010,Nepal,31.97,94.36,26.5,2472.33,39.74,4447,206
Siberian Crane,2010,Nepal,27.93,84.74,33.75,2167.7,163.94,875,3961
Siberian Crane,2010,Nepal,40.49,107.39,22.62,2614.05,94.09,8921,2993
Indian Pitta,2010,Pakistan,38.39,75.58,26.48,2608.02,7.32,3523,1120
Indian Pitta,2010,Pakistan,5.5,86.46,17.89,2958.02,141.02,3071,2152
Asian Koel,2010,Pakistan,21.24,72.46,28.42,2630.61,43.88,3885,4209
Bar-headed Goose,2010,Pakistan,32.45,123.58,10.18,1381.44,85.37,7166,2003
Bar-headed Goose,2010,Sri Lanka,10.11,75.71,22.48,1762.03,36.54,5835,3379
Oriental Magpie-Robin,2010,Thailand,45.61,119.09,34.77,1399.72,100.89,5556,2161
Oriental Magpie-Robin,2010,Thailand,32.34,70.17,32.59,2671.4,76.31,5563,1619
Oriental Magpie-Robin,2010,Thailand,9.53,76.46,10.08,2917.19,90.94,1418,648
Siberian Crane,2010,Vietnam,20.88,128.23,30.48,1044.33,56.15,6620,4290
